time_days,pressure_bar,mass_kg,cumulative_source_kg,cumulative_produced_kg,cumulative_leaked_kg,cumulative_consumed_kg,production_sm3_day,source_sm3_day,leakage_sm3_day,consumption_kg_day,stage_index,balance_residual_kg
0.0,100.0,25050550.472186603,0.0,0.0,0.0,0.0,100000.0,0.0,0.0,0.0,0,0.0
14.969262295081966,99.46204534905269,24923005.24469392,0.0,127545.2274926768,0.0,0.0,100000.0,0.0,0.0,0.0,0,-5.8353180065751076e-09
29.938524590163933,98.9244075965581,24795460.017201245,0.0,255090.45498535363,0.0,0.0,100000.0,0.0,0.0,0.0,0,-4.190951585769653e-09
44.9077868852459,98.3870863836558,24667914.789708566,0.0,382635.68247803045,0.0,0.0,100000.0,0.0,0.0,0.0,0,-6.28642737865448e-09
59.877049180327866,97.8500813518048,24540369.562215887,0.0,510180.90997070726,0.0,0.0,100000.0,0.0,0.0,0.0,0,-8.381903171539307e-09
74.84631147540983,97.31339214278383,24412824.334723208,0.0,637726.1374633841,0.0,0.0,100000.0,0.0,0.0,0.0,0,-1.0477378964424133e-08
89.8155737704918,96.77701839869167,24285279.107230533,0.0,765271.3649560609,0.0,0.0,100000.0,0.0,0.0,0.0,0,-8.847564458847046e-09
104.78483606557377,96.24095976194796,24157733.879737854,0.0,892816.5924487376,0.0,0.0,100000.0,0.0,0.0,0.0,0,-1.1059455573558807e-08
119.75409836065573,95.7052158752934,24030188.652245175,0.0,1020361.8199414143,0.0,0.0,100000.0,0.0,0.0,0.0,0,-1.3271346688270569e-08
134.7233606557377,95.16978638179046,23902643.424752496,0.0,1147907.0474340913,0.0,0.0,100000.0,0.0,0.0,0.0,0,-1.5133991837501526e-08
149.69262295081967,94.63467092482362,23775098.197259817,0.0,1275452.274926768,0.0,0.0,100000.0,0.0,0.0,0.0,0,-1.7462298274040222e-08
164.66188524590163,94.09986914810032,23647552.969767142,0.0,1402997.5024194447,0.0,0.0,100000.0,0.0,0.0,0.0,0,-1.5832483768463135e-08
179.6311475409836,93.5653806956511,23520007.742274463,0.0,1530542.7299121213,0.0,0.0,100000.0,0.0,0.0,0.0,0,-1.816079020500183e-08
194.60040983606555,93.03120521183037,23392462.514781784,0.0,1658087.9574047981,0.0,0.0,100000.0,0.0,0.0,0.0,0,-2.0256265997886658e-08
209.56967213114754,92.49734234131701,23264917.287289105,0.0,1785633.184897475,0.0,0.0,100000.0,0.0,0.0,0.0,0,-2.2351741790771484e-08
224.5389344262295,91.96379172911477,23137372.059796426,0.0,1913178.4123901518,0.0,0.0,100000.0,0.0,0.0,0.0,0,-2.444721758365631e-08
239.50819672131146,91.43055302055316,23009826.83230375,0.0,2040723.6398828283,0.0,0.0,100000.0,0.0,0.0,0.0,0,-2.3050233721733093e-08
254.47745901639342,90.89762586128768,22882281.604811072,0.0,2168268.867375505,0.0,0.0,100000.0,0.0,0.0,0.0,0,-2.514570951461792e-08
269.4467213114754,90.36500989730084,22754736.377318393,0.0,2295814.094868182,0.0,0.0,100000.0,0.0,0.0,0.0,0,-2.7008354663848877e-08
284.41598360655735,89.83270477490254,22627191.149825715,0.0,2423359.3223608583,0.0,0.0,100000.0,0.0,0.0,0.0,0,-2.9802322387695312e-08
299.38524590163934,89.30071014073089,22499645.922333036,0.0,2550904.5498535354,0.0,0.0,100000.0,0.0,0.0,0.0,0,-3.166496753692627e-08
314.35450819672127,88.76902564175273,22372100.69484036,0.0,2678449.777346212,0.0,0.0,100000.0,0.0,0.0,0.0,0,-3.026798367500305e-08
329.32377049180326,88.23765092526457,22244555.46734768,0.0,2805995.004838889,0.0,0.0,100000.0,0.0,0.0,0.0,0,-3.213062882423401e-08
344.29303278688525,87.70658563889295,22117010.239855003,0.0,2933540.2323315656,0.0,0.0,100000.0,0.0,0.0,0.0,0,-3.4458935260772705e-08
359.2622950819672,87.17582943059553,21989465.012362324,0.0,3061085.459824242,0.0,0.0,100000.0,0.0,0.0,0.0,0,-3.67872416973114e-08
374.23155737704917,86.64538194866154,21861919.784869645,0.0,3188630.687316919,0.0,0.0,100000.0,0.0,0.0,0.0,0,-3.864988684654236e-08
389.2008196721311,86.11524284171283,21734374.55737697,0.0,3316175.9148095953,0.0,0.0,100000.0,0.0,0.0,0.0,0,-3.771856427192688e-08
404.1700819672131,85.58541175870431,21606829.32988429,0.0,3443721.1423022724,0.0,0.0,100000.0,0.0,0.0,0.0,0,-3.958120942115784e-08
419.1393442622951,85.0558883489251,21479284.10239161,0.0,3571266.3697949494,0.0,0.0,100000.0,0.0,0.0,0.0,0,-4.1443854570388794e-08
434.108606557377,84.52667226199901,21351738.874898933,0.0,3698811.597287626,0.0,0.0,100000.0,0.0,0.0,0.0,0,-4.377216100692749e-08
449.077868852459,83.99776314788576,21224193.647406258,0.0,3826356.8247803026,0.0,0.0,100000.0,0.0,0.0,0.0,0,-4.237517714500427e-08
464.04713114754094,83.46916065688144,21096648.41991358,0.0,3953902.052272979,0.0,0.0,100000.0,0.0,0.0,0.0,0,-4.470348358154297e-08
479.0163934426229,82.94086443961966,20969103.1924209,0.0,4081447.279765656,0.0,0.0,100000.0,0.0,0.0,0.0,0,-4.6566128730773926e-08
493.9856557377049,82.41287414707237,20841557.96492822,0.0,4208992.507258333,0.0,0.0,100000.0,0.0,0.0,0.0,0,-4.842877388000488e-08
508.95491803278685,81.8851894305507,20714012.737435542,0.0,4336537.734751009,0.0,0.0,100000.0,0.0,0.0,0.0,0,-5.122274160385132e-08
523.9241803278688,81.35780994170605,20586467.509942863,0.0,4464082.962243687,0.0,0.0,100000.0,0.0,0.0,0.0,0,-5.21540641784668e-08
538.8934426229508,80.8307353325309,20458922.282450188,0.0,4591628.189736364,0.0,0.0,100000.0,0.0,0.0,0.0,0,-5.029141902923584e-08
553.8627049180327,80.30396525535994,20331377.05495751,0.0,4719173.41722904,0.0,0.0,100000.0,0.0,0.0,0.0,0,-5.4016709327697754e-08
568.8319672131147,79.77749936287094,20203831.82746483,0.0,4846718.644721717,0.0,0.0,100000.0,0.0,0.0,0.0,0,-5.587935447692871e-08
583.8012295081967,79.25133730808585,20076286.59997215,0.0,4974263.872214394,0.0,0.0,100000.0,0.0,0.0,0.0,0,-5.774199962615967e-08
598.7704918032787,78.72547874437191,19948741.372479472,0.0,5101809.099707071,0.0,0.0,100000.0,0.0,0.0,0.0,0,-5.960464477539063e-08
613.7397540983607,78.19992332544258,19821196.144986797,0.0,5229354.327199748,0.0,0.0,100000.0,0.0,0.0,0.0,0,-5.774199962615967e-08
628.7090163934425,77.6746707053588,19693650.91749412,0.0,5356899.554692424,0.0,0.0,100000.0,0.0,0.0,0.0,0,-6.05359673500061e-08
643.6782786885245,77.14972053852999,19566105.69000144,0.0,5484444.782185101,0.0,0.0,100000.0,0.0,0.0,0.0,0,-6.239861249923706e-08
658.6475409836065,76.62507247971524,19438560.46250876,0.0,5611990.009677777,0.0,0.0,100000.0,0.0,0.0,0.0,0,-6.51925802230835e-08
673.6168032786885,76.10072618402468,19311015.235016085,0.0,5739535.237170454,0.0,0.0,100000.0,0.0,0.0,0.0,0,-6.332993507385254e-08
688.5860655737705,75.57668130692032,19183470.007523406,0.0,5867080.464663131,0.0,0.0,100000.0,0.0,0.0,0.0,0,-6.51925802230835e-08
703.5553278688524,75.05293750421761,19055924.780030727,0.0,5994625.692155807,0.0,0.0,100000.0,0.0,0.0,0.0,0,-6.798654794692993e-08
718.5245901639344,74.52949443208448,18928379.55253805,0.0,6122170.919648484,0.0,0.0,100000.0,0.0,0.0,0.0,0,-6.984919309616089e-08
733.4938524590164,74.00635174704766,18800834.32504537,0.0,6249716.147141161,0.0,0.0,100000.0,0.0,0.0,0.0,0,-7.171183824539185e-08
748.4631147540983,73.4835091059917,18673289.097552694,0.0,6377261.374633838,0.0,0.0,100000.0,0.0,0.0,0.0,0,-6.984919309616089e-08
763.4323770491803,72.96096616615823,18545743.870060015,0.0,6504806.6021265155,0.0,0.0,100000.0,0.0,0.0,0.0,0,-7.171183824539185e-08
778.4016393442622,72.43872258514884,18418198.642567337,0.0,6632351.829619191,0.0,0.0,100000.0,0.0,0.0,0.0,0,-7.543712854385376e-08
793.3709016393442,71.91677802092649,18290653.415074658,0.0,6759897.057111868,0.0,0.0,100000.0,0.0,0.0,0.0,0,-7.729977369308472e-08
808.3401639344262,71.39513213181696,18163108.18758198,0.0,6887442.284604545,0.0,0.0,100000.0,0.0,0.0,0.0,0,-7.916241884231567e-08
823.3094262295082,70.87378457651042,18035562.960089304,0.0,7014987.512097222,0.0,0.0,100000.0,0.0,0.0,0.0,0,-7.729977369308472e-08
838.2786885245902,70.35273501406269,17908017.732596625,0.0,7142532.739589899,0.0,0.0,100000.0,0.0,0.0,0.0,0,-7.916241884231567e-08
853.247950819672,69.83247575507835,17780593.202192068,0.0,7269957.269994452,0.0,0.0,99414.36675209014,0.0,0.0,0.0,0,-8.288770914077759e-08
868.217213114754,69.31972860834422,17654937.400734127,0.0,7395613.071452396,0.0,0.0,97630.6193583624,0.0,0.0,0.0,0,-8.009374141693115e-08
883.186475409836,68.81642620222854,17531527.407799084,0.0,7519023.064387438,0.0,0.0,95892.51288116918,0.0,0.0,0.0,0,-8.102506399154663e-08
898.155737704918,68.32231993350872,17410306.014219657,0.0,7640244.457966864,0.0,0.0,94198.4850274181,0.0,0.0,0.0,0,-8.195638656616211e-08
913.125,67.83716994351532,17291217.96025872,0.0,7759332.511927806,0.0,0.0,92547.04064863447,0.0,0.0,0.0,0,-7.82310962677002e-08
928.0942622950819,67.3607447325914,17174209.85220403,0.0,7876340.619982495,0.0,0.0,90936.7482732335,0.0,0.0,0.0,0,-7.916241884231567e-08
943.0635245901639,66.89282079490005,17059230.083251223,0.0,7991320.388935298,0.0,0.0,89366.2368474653,0.0,0.0,0.0,0,-8.195638656616211e-08
958.0327868852459,66.43318227237766,16946228.758418027,0.0,8104321.713768493,0.0,0.0,87834.19267087386,0.0,0.0,0.0,0,-8.195638656616211e-08
973.0020491803278,65.98162062666357,16835157.623250194,0.0,8215392.848936324,0.0,0.0,86339.35651302389,0.0,0.0,0.0,0,-8.475035429000854e-08
987.9713114754098,65.53793432791883,16725969.996095896,0.0,8324580.476090624,0.0,0.0,84880.52089926504,0.0,0.0,0.0,0,-8.288770914077759e-08
1002.9405737704917,65.10192855952135,16618620.703740219,0.0,8431929.768446302,0.0,0.0,83456.52755422554,0.0,0.0,0.0,0,-8.195638656616211e-08
1017.9098360655737,64.67341493769413,16513066.020205393,0.0,8537484.451981127,0.0,0.0,82066.26499257897,0.0,0.0,0.0,0,-8.195638656616211e-08
1032.8790983606557,64.25221124518715,16409263.60853515,0.0,8641286.86365137,0.0,0.0,80708.66624740386,0.0,0.0,0.0,0,-8.195638656616211e-08
1047.8483606557377,63.838141178191954,16307172.465393482,0.0,8743378.006793039,0.0,0.0,79382.70672716918,0.0,0.0,0.0,0,-8.195638656616211e-08
1062.8176229508197,63.43103410572382,16206752.868319156,0.0,8843797.603867365,0.0,0.0,78087.40219303744,0.0,0.0,0.0,0,-8.195638656616211e-08
1077.7868852459017,63.03072484075501,16107966.325487474,0.0,8942584.146699047,0.0,0.0,76821.80684877429,0.0,0.0,0.0,0,-8.195638656616211e-08
1092.7561475409836,62.63705342243203,16010775.527840264,0.0,9039774.944346257,0.0,0.0,75585.01153611511,0.0,0.0,0.0,0,-8.195638656616211e-08
1107.7254098360654,62.24986490874981,15915144.303453928,0.0,9135406.168732593,0.0,0.0,74376.14202894001,0.0,0.0,0.0,0,-8.195638656616211e-08
1122.6946721311474,61.86900917909957,15821037.574023448,0.0,9229512.898163073,0.0,0.0,73194.35742008768,0.0,0.0,0.0,0,-8.195638656616211e-08
1137.6639344262294,61.49434074614131,15728421.313347954,0.0,9322129.158838566,0.0,0.0,72038.84859506339,0.0,0.0,0.0,0,-8.195638656616211e-08
1152.6331967213114,61.12571857648862,15637262.507710436,0.0,9413287.964476084,0.0,0.0,70908.83678730216,0.0,0.0,0.0,0,-8.195638656616211e-08
1167.6024590163934,60.7630059197244,15547529.11805081,0.0,9503021.35413571,0.0,0.0,69803.57221001155,0.0,0.0,0.0,0,-8.195638656616211e-08
1182.5717213114754,60.40607014529689,15459190.043837627,0.0,9591360.428348893,0.0,0.0,68722.33275996319,0.0,0.0,0.0,0,-8.195638656616211e-08
1197.5409836065573,60.0547825868726,15372215.088549484,0.0,9678335.383637037,0.0,0.0,67664.4227889134,0.0,0.0,0.0,0,-8.195638656616211e-08
1212.5102459016393,59.70901839374901,15286574.926682444,0.0,9763975.545504076,0.0,0.0,66629.17193862644,0.0,0.0,0.0,0,-8.195638656616211e-08
1227.4795081967213,59.36865638895382,15202241.072204776,0.0,9848309.399981745,0.0,0.0,65615.9340357417,0.0,0.0,0.0,0,-8.195638656616211e-08
1242.4487704918033,59.03357893368035,15119185.848384956,0.0,9931364.623801565,0.0,0.0,64624.08604297672,0.0,0.0,0.0,0,-8.195638656616211e-08
1257.418032786885,58.703671797728916,15037382.35892319,0.0,10013168.113263331,0.0,0.0,63653.027063386835,0.0,0.0,0.0,0,-8.195638656616211e-08
1272.387295081967,58.37882403564487,14956804.460320747,0.0,10093746.011865774,0.0,0.0,62702.17739461967,0.0,0.0,0.0,0,-8.195638656616211e-08
1287.356557377049,58.05892786826053,14877426.735425208,0.0,10173123.736761313,0.0,0.0,61770.97763029699,0.0,0.0,0.0,0,-8.195638656616211e-08
1302.325819672131,57.74387856936693,14799224.468093239,0.0,10251326.004093282,0.0,0.0,60858.887805844824,0.0,0.0,0.0,0,-8.195638656616211e-08
1317.295081967213,57.433574357256134,14722173.618915794,0.0,10328376.853270726,0.0,0.0,59965.38658626173,0.0,0.0,0.0,0,-8.195638656616211e-08
1332.264344262295,57.1279162908903,14646250.80195383,0.0,10404299.67023269,0.0,0.0,59089.97049347423,0.0,0.0,0.0,0,-8.195638656616211e-08
1347.233606557377,56.826808170463465,14571433.262435384,0.0,10479117.209751137,0.0,0.0,58232.153171066326,0.0,0.0,0.0,0,-8.195638656616211e-08
1362.202868852459,56.53015644216277,14497698.855367718,0.0,10552851.616818802,0.0,0.0,57391.464684384926,0.0,0.0,0.0,0,-8.195638656616211e-08
1377.172131147541,56.23787010686476,14425026.025020724,0.0,10625524.447165797,0.0,0.0,56567.45085391483,0.0,0.0,0.0,0,-8.195638656616211e-08
1392.141393442623,55.949860632653476,14353393.785240175,0.0,10697156.686946345,0.0,0.0,55759.67262033367,0.0,0.0,0.0,0,-8.195638656616211e-08
1407.1106557377047,55.66604187091722,14282781.700551644,0.0,10767768.771634877,0.0,0.0,54967.705439367724,0.0,0.0,0.0,0,-8.195638656616211e-08
1422.0799180327867,55.386329975875945,14213169.868018059,0.0,10837380.604168462,0.0,0.0,54191.13870491535,0.0,0.0,0.0,0,-8.195638656616211e-08
1437.0491803278687,55.110643327371676,14144538.899815831,0.0,10906011.57237069,0.0,0.0,53429.5751989194,0.0,0.0,0.0,0,-8.195638656616211e-08
1452.0184426229507,54.838902456768295,14076869.906496335,0.0,10973680.565690186,0.0,0.0,52682.6305665737,0.0,0.0,0.0,0,-8.195638656616211e-08
1466.9877049180327,54.57102997581427,14010144.4809013,0.0,11040405.99128522,0.0,0.0,51949.93281553048,0.0,0.0,0.0,0,-8.195638656616211e-08
1481.9569672131147,54.30695050833049,13944344.682702303,0.0,11106205.789484218,0.0,0.0,51231.12183785642,0.0,0.0,0.0,0,-8.195638656616211e-08
1496.9262295081967,54.04659062459078,13879453.02353609,0.0,11171097.44865043,0.0,0.0,50525.84895355259,0.0,0.0,0.0,0,-8.195638656616211e-08
1511.8954918032787,53.78987877827767,13815452.45270899,0.0,11235098.019477531,0.0,0.0,49833.77647454515,0.0,0.0,0.0,0,-8.195638656616211e-08
1526.8647540983607,53.53674524588589,13752326.343444904,0.0,11298224.128741616,0.0,0.0,49154.57728807213,0.0,0.0,0.0,0,-8.195638656616211e-08
1541.8340163934427,53.287122068468385,13690058.479652867,0.0,11360491.992533654,0.0,0.0,48487.93445849626,0.0,0.0,0.0,0,-8.195638656616211e-08
1556.8032786885244,53.040942995620256,13628633.04319118,0.0,11421917.428995341,0.0,0.0,47833.540846615935,0.0,0.0,0.0,0,-8.195638656616211e-08
1571.7725409836064,52.798143431598255,13568034.601606438,0.0,11482515.870580083,0.0,0.0,47191.09874559055,0.0,0.0,0.0,0,-8.195638656616211e-08
1586.7418032786884,52.55866038348118,13508248.09632674,0.0,11542302.37585978,0.0,0.0,46560.319532652866,0.0,0.0,0.0,0,-8.195638656616211e-08
1601.7110655737704,52.322432411281596,13449258.831289494,0.0,11601291.640897026,0.0,0.0,45940.923335828265,0.0,0.0,0.0,0,-8.195638656616211e-08
1616.6803278688524,52.0893995799225,13391052.461985119,0.0,11659498.010201402,0.0,0.0,45332.63871492076,0.0,0.0,0.0,0,-8.195638656616211e-08
1631.6495901639344,51.85950341299845,13333614.984898895,0.0,11716935.487287626,0.0,0.0,44735.202356069945,0.0,0.0,0.0,0,-8.195638656616211e-08
1646.6188524590164,51.632686848243445,13276932.727334129,0.0,11773617.744852392,0.0,0.0,44148.35877921929,0.0,0.0,0.0,0,-8.195638656616211e-08
1661.5881147540983,51.40889419463194,13220992.337600479,0.0,11829558.134586042,0.0,0.0,43571.86005787154,0.0,0.0,0.0,0,-8.195638656616211e-08
1676.5573770491803,51.1880710910436,13165780.775552245,0.0,11884769.696634276,0.0,0.0,43005.465550543326,0.0,0.0,0.0,0,-8.195638656616211e-08
1691.5266393442623,50.970164466424805,13111285.303461973,0.0,11939265.168724548,0.0,0.0,42448.941643359845,0.0,0.0,0.0,0,-8.195638656616211e-08
1706.495901639344,50.75512250138445,13057493.477215568,0.0,11993056.994970953,0.0,0.0,41902.061503263554,0.0,0.0,0.0,0,-8.195638656616211e-08
1721.465163934426,50.542894591162856,13004393.137815673,0.0,12046157.334370848,0.0,0.0,41364.604841334985,0.0,0.0,0.0,0,-8.195638656616211e-08
1736.434426229508,50.333431309917465,12951972.403180726,0.0,12098578.069005795,0.0,0.0,40836.35768575449,0.0,0.0,0.0,0,-8.195638656616211e-08
1751.40368852459,50.12668437627016,12900219.660227671,0.0,12150330.81195885,0.0,0.0,40317.11216395518,0.0,0.0,0.0,0,-8.195638656616211e-08
1766.372950819672,49.922606620116355,12849123.557226764,0.0,12201426.914959757,0.0,0.0,39806.666293672126,0.0,0.0,0.0,0,-8.195638656616211e-08
1781.342213114754,49.721151950333955,12798672.996418191,0.0,12251877.47576833,0.0,0.0,39304.82378170495,0.0,0.0,0.0,0,-8.195638656616211e-08
1796.311475409836,49.52227532412767,12748857.126878873,0.0,12301693.345307648,0.0,0.0,38811.39383196761,0.0,0.0,0.0,0,-8.195638656616211e-08
1811.280737704918,49.32593271691763,12699665.337630523,0.0,12350885.134555997,0.0,0.0,38326.190959847125,0.0,0.0,0.0,0,-8.195638656616211e-08
1826.25,49.13208109351558,12651087.250979176,0.0,12399463.221207345,0.0,0.0,37849.03481449478,0.0,0.0,0.0,0,-8.195638656616211e-08
1841.219262295082,48.94067838023266,12603112.716077002,0.0,12447437.756109519,0.0,0.0,37379.75000793432,0.0,0.0,0.0,0,-8.195638656616211e-08
1856.1885245901638,48.751683437932066,12555731.802697845,0.0,12494818.669488676,0.0,0.0,36918.165950808485,0.0,0.0,0.0,0,-8.195638656616211e-08
1871.1577868852457,48.56505603598922,12508934.795218173,0.0,12541615.676968347,0.0,0.0,36464.116694469325,0.0,0.0,0.0,0,-8.195638656616211e-08
1886.1270491803277,48.380756827124344,12462712.18679555,0.0,12587838.285390971,0.0,0.0,36017.440779133474,0.0,0.0,0.0,0,-8.195638656616211e-08
1901.0963114754097,48.1987473230724,12417054.673737025,0.0,12633495.798449496,0.0,0.0,35577.98108783449,0.0,0.0,0.0,0,-8.195638656616211e-08
1916.0655737704917,48.01898987105908,12371953.150050277,0.0,12678597.322136244,0.0,0.0,35145.58470592185,0.0,0.0,0.0,0,-8.195638656616211e-08
1931.0348360655737,47.84144763105042,12327398.702170512,0.0,12723151.770016009,0.0,0.0,34720.102785863506,0.0,0.0,0.0,0,-8.195638656616211e-08
1946.0040983606557,47.666084553747616,12283382.60385657,0.0,12767167.868329952,0.0,0.0,34301.390417125425,0.0,0.0,0.0,0,-8.195638656616211e-08
1960.9733606557377,47.492865359297575,12239896.311249848,0.0,12810654.160936672,0.0,0.0,33889.30650090919,0.0,0.0,0.0,0,-8.195638656616211e-08
1975.9426229508197,47.32175551669271,12196931.458090033,0.0,12853619.014096487,0.0,0.0,33483.71362954092,0.0,0.0,0.0,0,-8.195638656616211e-08
1990.9118852459014,47.15272122383346,12154479.851081768,0.0,12896070.621104753,0.0,0.0,33084.477970313856,0.0,0.0,0.0,0,-8.195638656616211e-08
2005.8811475409834,46.985729388229245,12112533.46540676,0.0,12938017.00677976,0.0,0.0,32691.469153597733,0.0,0.0,0.0,0,-8.195638656616211e-08
2020.8504098360654,46.82074760831325,12071084.440375967,0.0,12979466.031810554,0.0,0.0,32304.560165034265,0.0,0.0,0.0,0,-8.195638656616211e-08
2035.8196721311474,46.657744155349064,12030125.075216766,0.0,13020425.396969754,0.0,0.0,31923.62724165024,0.0,0.0,0.0,0,-8.195638656616211e-08
2050.7889344262294,46.49668795590683,11989647.824990219,0.0,13060902.647196302,0.0,0.0,31548.549771724276,0.0,0.0,0.0,0,-8.195638656616211e-08
2065.7581967213114,46.337548574887926,11949645.29663373,0.0,13100905.175552791,0.0,0.0,31179.21019825245,0.0,0.0,0.0,0,-8.195638656616211e-08
2080.7274590163934,46.180296199078576,11910110.24512463,0.0,13140440.22706189,0.0,0.0,30815.49392586578,0.0,0.0,0.0,0,-8.195638656616211e-08
2095.6967213114754,46.02490162121275,11871035.569760336,0.0,13179514.902426185,0.0,0.0,30457.289231057803,0.0,0.0,0.0,0,-8.195638656616211e-08
2110.6659836065573,45.87133622452627,11832414.31055099,0.0,13218136.161635531,0.0,0.0,30104.487175588394,0.0,0.0,0.0,0,-8.195638656616211e-08
2125.6352459016393,45.719571967784134,11794239.644720586,0.0,13256310.827465935,0.0,0.0,29756.981522934824,0.0,0.0,0.0,0,-8.195638656616211e-08
2140.6045081967213,45.56958137076453,11756504.88331277,0.0,13294045.588873751,0.0,0.0,29414.668657668244,0.0,0.0,0.0,0,-8.195638656616211e-08
2155.5737704918033,45.42133750018296,11719203.467897683,0.0,13331347.004288837,0.0,0.0,29077.447507638168,0.0,0.0,0.0,0,-8.195638656616211e-08
2170.5430327868853,45.27481395604109,11682328.96737632,0.0,13368221.504810201,0.0,0.0,28745.21946885334,0.0,0.0,0.0,0,-8.195638656616211e-08
2185.5122950819673,45.12998485838529,11645875.074879024,0.0,13404675.397307497,0.0,0.0,28417.888332952145,0.0,0.0,0.0,0,-8.195638656616211e-08
2200.4815573770493,44.986824834460634,11609835.604754914,0.0,13440714.867431607,0.0,0.0,28095.360217161102,0.0,0.0,0.0,0,-8.195638656616211e-08
2215.450819672131,44.8453090062465,11574204.48964909,0.0,13476345.98253743,0.0,0.0,27777.543496643342,0.0,0.0,0.0,0,-8.195638656616211e-08
2230.420081967213,44.7054129783604,11538975.777664665,0.0,13511574.694521856,0.0,0.0,27464.34873914386,0.0,0.0,0.0,0,-8.195638656616211e-08
2245.389344262295,44.56711282631768,11504143.629606731,0.0,13546406.84257979,0.0,0.0,27155.68864184325,0.0,0.0,0.0,0,-8.195638656616211e-08
2260.358606557377,44.43038508513478,11469702.316305503,0.0,13580848.155881017,0.0,0.0,26851.477970334177,0.0,0.0,0.0,0,-8.195638656616211e-08
2275.327868852459,44.295206738263886,11435646.21601599,0.0,13614904.25617053,0.0,0.0,26551.63349963846,0.0,0.0,0.0,0,-8.195638656616211e-08
2290.2971311475408,44.16155520684849,11401969.811891623,0.0,13648580.660294898,0.0,0.0,26256.073957188175,0.0,0.0,0.0,0,-8.195638656616211e-08
2305.2663934426228,44.029408339288345,11368667.68952941,0.0,13681882.782657111,0.0,0.0,25964.71996769485,0.0,0.0,0.0,0,-8.195638656616211e-08
2320.2356557377047,43.8987444011038,11335734.53458423,0.0,13714815.93760229,0.0,0.0,25677.493999836053,0.0,0.0,0.0,0,-8.195638656616211e-08
2335.2049180327867,43.76954206508935,11303165.130450014,0.0,13747385.341736507,0.0,0.0,25394.320314690645,0.0,0.0,0.0,0,-8.195638656616211e-08
2350.1741803278687,43.641780401746765,11270954.35600561,0.0,13779596.11618091,0.0,0.0,25115.1249158572,0.0,0.0,0.0,0,-8.195638656616211e-08
2365.1434426229507,43.515438869988614,11239097.183423229,0.0,13811453.288763292,0.0,0.0,24839.835501192898,0.0,0.0,0.0,0,-8.195638656616211e-08
2380.1127049180327,43.39049730810317,11207588.676037429,0.0,13842961.796149092,0.0,0.0,24568.381416112716,0.0,0.0,0.0,0,-8.195638656616211e-08
2395.0819672131147,43.26693592497224,11176423.98627274,0.0,13874126.485913781,0.0,0.0,24300.69360839133,0.0,0.0,0.0,0,-8.195638656616211e-08
2410.0512295081967,43.14473529153353,11145598.35362796,0.0,13904952.118558561,0.0,0.0,24036.704584412466,0.0,0.0,0.0,0,-8.195638656616211e-08
2425.0204918032787,43.023876332479674,11115107.102715394,0.0,13935443.369471127,0.0,0.0,23776.348366812614,0.0,0.0,0.0,0,-8.195638656616211e-08
2439.9897540983607,42.90434031818633,11084945.641353237,0.0,13965604.830833284,0.0,0.0,23519.560453468723,0.0,0.0,0.0,0,-8.195638656616211e-08
2454.9590163934427,42.786108856861844,11055109.458709436,0.0,13995441.013477085,0.0,0.0,23266.27777778079,0.0,0.0,0.0,0,-8.195638656616211e-08
2469.9282786885246,42.66916388691136,11025594.123495417,0.0,14024956.348691104,0.0,0.0,23016.43867020252,0.0,0.0,0.0,0,-8.195638656616211e-08
2484.8975409836066,42.55348766950879,10996395.282208094,0.0,14054155.189978426,0.0,0.0,22769.982820975918,0.0,0.0,0.0,0,-8.195638656616211e-08
2499.8668032786886,42.43906278136982,10967508.657418683,0.0,14083041.814767838,0.0,0.0,22526.851244026228,0.0,0.0,0.0,0,-8.195638656616211e-08
2514.83606557377,42.3258721077195,10938930.046106819,0.0,14111620.426079702,0.0,0.0,22286.986241975683,0.0,0.0,0.0,0,-8.195638656616211e-08
2529.805327868852,42.21389883544873,10910655.318038631,0.0,14139895.15414789,0.0,0.0,22050.33137223749,0.0,0.0,0.0,0,-8.195638656616211e-08
2544.774590163934,42.10312644645324,10882680.414187383,0.0,14167870.057999138,0.0,0.0,21816.831414150754,0.0,0.0,0.0,0,-8.195638656616211e-08
2559.743852459016,41.99353871114968,10855001.345195381,0.0,14195549.12699114,0.0,0.0,21586.432337120674,0.0,0.0,0.0,0,-8.195638656616211e-08
2574.713114754098,41.885119682163236,10827614.18987591,0.0,14222936.28231061,0.0,0.0,21359.08126972845,0.0,0.0,0.0,0,-8.195638656616211e-08
2589.68237704918,41.77785368818148,10800515.093753954,0.0,14250035.378432566,0.0,0.0,21134.726469777474,0.0,0.0,0.0,0,-8.195638656616211e-08
2604.651639344262,41.67172532796941,10773700.267644556,0.0,14276850.204541964,0.0,0.0,20913.317295243185,0.0,0.0,0.0,0,-8.195638656616211e-08
2619.620901639344,41.566719464540505,10747165.986267647,0.0,14303384.485918874,0.0,0.0,20694.804176095262,0.0,0.0,0.0,0,-8.195638656616211e-08
2634.590163934426,41.46282121947948,10720908.586898306,0.0,14329641.885288214,0.0,0.0,20479.138586962945,0.0,0.0,0.0,0,-8.195638656616211e-08
2649.559426229508,41.3600159674117,10694924.468051333,0.0,14355626.004135188,0.0,0.0,20266.273020613768,0.0,0.0,0.0,0,-8.195638656616211e-08
2664.52868852459,41.25828933061504,10669210.088199163,0.0,14381340.383987358,0.0,0.0,20056.160962218575,0.0,0.0,0.0,0,-8.195638656616211e-08
2679.497950819672,41.15762717376995,10643761.964522097,0.0,14406788.507664423,0.0,0.0,19848.756864376173,0.0,0.0,0.0,0,-8.195638656616211e-08
2694.467213114754,41.05801559884354,10618576.671689954,0.0,14431973.800496567,0.0,0.0,19644.016122871984,0.0,0.0,0.0,0,-8.195638656616211e-08
2709.436475409836,40.95944094010351,10593650.840674132,0.0,14456899.631512389,0.0,0.0,19441.89505314569,0.0,0.0,0.0,0,-8.195638656616211e-08
2724.405737704918,40.86188975925842,10568981.157589303,0.0,14481569.314597217,0.0,0.0,19242.350867444697,0.0,0.0,0.0,0,-8.195638656616211e-08
2739.375,40.76534884072031,10544564.362563778,0.0,14505986.109622743,0.0,0.0,19045.34165264041,0.0,0.0,0.0,0,-8.195638656616211e-08
2754.344262295082,40.66980518698613,10520397.248637771,0.0,14530153.22354875,0.0,0.0,18850.826348685103,0.0,0.0,0.0,0,-8.195638656616211e-08
2769.313524590164,40.57524601413461,10496476.66068875,0.0,14554073.81149777,0.0,0.0,18658.764727688667,0.0,0.0,0.0,0,-8.195638656616211e-08
2784.282786885246,40.48165874743501,10472799.494383082,0.0,14577750.977803439,0.0,0.0,18469.11737359454,0.0,0.0,0.0,0,-8.195638656616211e-08
2799.252049180328,40.38903101706464,10449362.695153225,0.0,14601187.777033295,0.0,0.0,18281.845662435233,0.0,0.0,0.0,0,-8.195638656616211e-08
2814.2213114754095,40.29735065393204,10426163.257199757,0.0,14624387.214986764,0.0,0.0,18096.91174314893,0.0,0.0,0.0,0,-8.195638656616211e-08
2829.1905737704915,40.206605685602646,10403198.222517505,0.0,14647352.249669015,0.0,0.0,17914.278518938376,0.0,0.0,0.0,0,-8.195638656616211e-08
2844.1598360655735,40.11678433232406,10380464.679945135,0.0,14670085.792241385,0.0,0.0,17733.909629155027,0.0,0.0,0.0,0,-8.195638656616211e-08
2859.1290983606555,40.02787500314817,10357959.764237512,0.0,14692590.707949009,0.0,0.0,17555.76943169135,0.0,0.0,0.0,0,-8.195638656616211e-08
2874.0983606557375,39.93986629214721,10335680.655160187,0.0,14714869.817026334,0.0,0.0,17379.822985864917,0.0,0.0,0.0,0,-8.195638656616211e-08
2889.0676229508194,39.85274697472123,10313624.576605441,0.0,14736925.89558108,0.0,0.0,17206.0360357788,0.0,0.0,0.0,0,-8.195638656616211e-08
2904.0368852459014,39.76650600399434,10291788.795729235,0.0,14758761.676457286,0.0,0.0,17034.374994142938,0.0,0.0,0.0,0,-8.195638656616211e-08
2919.0061475409834,39.68113250729722,10270170.622108508,0.0,14780379.850078013,0.0,0.0,16864.80692654201,0.0,0.0,0.0,0,-8.195638656616211e-08
2933.9754098360654,39.59661578273359,10248767.40691827,0.0,14801783.06526825,0.0,0.0,16697.299536135677,0.0,0.0,0.0,0,-8.195638656616211e-08
2948.9446721311474,39.51294529582809,10227576.542127946,0.0,14822973.930058574,0.0,0.0,16531.821148777577,0.0,0.0,0.0,0,-8.195638656616211e-08
2963.9139344262294,39.43011067625359,10206595.459716426,0.0,14843955.012470094,0.0,0.0,16368.340698540185,0.0,0.0,0.0,0,-8.195638656616211e-08
2978.8831967213114,39.34810171463549,10185821.630905336,0.0,14864728.841281185,0.0,0.0,16206.827713632509,0.0,0.0,0.0,0,-8.195638656616211e-08
2993.8524590163934,39.26690835943106,10165252.56541002,0.0,14885297.9067765,0.0,0.0,16047.252302698927,0.0,0.0,0.0,0,-8.195638656616211e-08
3008.8217213114754,39.18652071388166,10144885.810707768,0.0,14905664.661478752,0.0,0.0,15889.585141486918,0.0,0.0,0.0,0,-8.195638656616211e-08
3023.7909836065573,39.1069290330359,10124718.95132281,0.0,14925831.52086371,0.0,0.0,15733.797459872647,0.0,0.0,0.0,0,-8.195638656616211e-08
3038.7602459016393,39.028123720841805,10104749.608127646,0.0,14945800.864058875,0.0,0.0,15579.86102923337,0.0,0.0,0.0,0,-8.195638656616211e-08
3053.7295081967213,38.95009532730614,10084975.437660253,0.0,14965575.034526268,0.0,0.0,15427.748150155883,0.0,0.0,0.0,0,-8.195638656616211e-08
3068.6987704918033,38.87283454571898,10065394.131456774,0.0,14985156.340729747,0.0,0.0,15277.431640471075,0.0,0.0,0.0,0,-8.195638656616211e-08
3083.6680327868853,38.79633220994203,10046003.41539926,0.0,15004547.05678726,0.0,0.0,15128.884823604636,0.0,0.0,0.0,0,-8.195638656616211e-08
3098.637295081967,38.72057929175849,10026801.049078071,0.0,15023749.42310845,0.0,0.0,14982.081517233912,0.0,0.0,0.0,0,-8.195638656616211e-08
3113.606557377049,38.64556689828356,10007784.82516856,0.0,15042765.647017961,0.0,0.0,14836.996022242754,0.0,0.0,0.0,0,-8.195638656616211e-08
3128.575819672131,38.57128626943323,9988952.568821648,0.0,15061597.903364873,0.0,0.0,14693.60311196421,0.0,0.0,0.0,0,-8.195638656616211e-08
3143.545081967213,38.497728775450284,9970302.137067964,0.0,15080248.335118556,0.0,0.0,14551.878021703322,0.0,0.0,0.0,0,-8.195638656616211e-08
3158.514344262295,38.42488591448585,9951831.418235147,0.0,15098719.053951373,0.0,0.0,14411.796438531326,0.0,0.0,0.0,0,-8.195638656616211e-08
3173.483606557377,38.35274931023517,9933538.331378011,0.0,15117012.14080851,0.0,0.0,14273.334491343605,0.0,0.0,0.0,0,-8.195638656616211e-08
3188.452868852459,38.28131070962577,9915420.825721217,0.0,15135129.646465303,0.0,0.0,14136.468741172717,0.0,0.0,0.0,0,-8.195638656616211e-08
3203.4221311475408,38.21056198055734,9897476.880114162,0.0,15153073.592072358,0.0,0.0,14001.176171750347,0.0,0.0,0.0,0,-8.195638656616211e-08
3218.3913934426228,38.140495109691344,9879704.502497727,0.0,15170845.969688794,0.0,0.0,13867.434180309732,0.0,0.0,0.0,0,-8.195638656616211e-08
3233.3606557377047,38.0711022002894,9862101.729382614,0.0,15188448.742803907,0.0,0.0,13735.220568622015,0.0,0.0,0.0,0,-8.195638656616211e-08
3248.3299180327867,38.00237547009915,9844666.62533898,0.0,15205883.84684754,0.0,0.0,13604.513534259848,0.0,0.0,0.0,0,-8.195638656616211e-08
3263.2991803278687,37.93430724928632,9827397.282497067,0.0,15223153.189689454,0.0,0.0,13475.291662081418,0.0,0.0,0.0,0,-8.195638656616211e-08
3278.2684426229507,37.86688997841182,9810291.82005854,0.0,15240258.652127981,0.0,0.0,13347.533915928636,0.0,0.0,0.0,0,-8.195638656616211e-08
3293.2377049180327,37.800116206452856,9793348.383818308,0.0,15257202.088368213,0.0,0.0,13221.219630533495,0.0,0.0,0.0,0,-8.195638656616211e-08
3308.2069672131147,37.733978588866634,9776565.145696523,0.0,15273985.326489998,0.0,0.0,13096.328503626137,0.0,0.0,0.0,0,-8.195638656616211e-08
3323.1762295081967,37.66846988569601,9759940.30328052,0.0,15290610.168906001,0.0,0.0,12972.840588239684,0.0,0.0,0.0,0,-8.195638656616211e-08
3338.1454918032787,37.603582959715574,9743472.079376442,0.0,15307078.392810078,0.0,0.0,12850.73628520529,0.0,0.0,0.0,0,-8.195638656616211e-08
3353.1147540983607,37.53931077461755,9727158.72157035,0.0,15323391.75061617,0.0,0.0,12729.996335832926,0.0,0.0,0.0,0,-8.195638656616211e-08
3368.0840163934427,37.475646393236275,9710998.501798507,0.0,15339551.970388014,0.0,0.0,12610.601814772075,0.0,0.0,0.0,0,-8.195638656616211e-08
3383.0532786885246,37.41258297581034,9694989.715926688,0.0,15355560.756259833,0.0,0.0,12492.53412304734,0.0,0.0,0.0,0,-8.195638656616211e-08
3398.022540983606,37.35011377828151,9679130.68333826,0.0,15371419.78884826,0.0,0.0,12375.774981264356,0.0,0.0,0.0,0,-8.195638656616211e-08
3412.991803278688,37.28823215062953,9663419.746530807,0.0,15387130.725655714,0.0,0.0,12260.306422981052,0.0,0.0,0.0,0,-8.195638656616211e-08
3427.96106557377,37.226931535241846,9647855.270721123,0.0,15402695.201465398,0.0,0.0,12146.110788239594,0.0,0.0,0.0,0,-8.195638656616211e-08
3442.930327868852,37.166205465317375,9632435.643458346,0.0,15418114.828728175,0.0,0.0,12033.170717254678,0.0,0.0,0.0,0,-8.195638656616211e-08
3457.899590163934,37.10604756330369,9617159.274245039,0.0,15433391.197941482,0.0,0.0,11921.469144253893,0.0,0.0,0.0,0,-8.195638656616211e-08
3472.868852459016,37.04645153936656,9602024.594166052,0.0,15448525.87802047,0.0,0.0,11810.98929146587,0.0,0.0,0.0,0,-8.195638656616211e-08
3487.838114754098,36.98741118989114,9587030.055524942,0.0,15463520.41666158,0.0,0.0,11701.714663252107,0.0,0.0,0.0,0,-8.195638656616211e-08
3502.80737704918,36.92892039601416,9572174.13148779,0.0,15478376.34069873,0.0,0.0,11593.629040378772,0.0,0.0,0.0,0,-8.195638656616211e-08
3517.776639344262,36.8709731221862,9557455.315734247,0.0,15493095.156452274,0.0,0.0,11486.71647442443,0.0,0.0,0.0,0,-8.195638656616211e-08
3532.745901639344,36.813563414763436,9542872.122115618,0.0,15507678.350070903,0.0,0.0,11380.961282320226,0.0,0.0,0.0,0,-8.195638656616211e-08
3547.715163934426,36.75668540062807,9528423.084319832,0.0,15522127.387866689,0.0,0.0,11276.348041018622,0.0,0.0,0.0,0,-8.195638656616211e-08
3562.684426229508,36.70033328583691,9514106.755543128,0.0,15536443.716643393,0.0,0.0,11172.86158228772,0.0,0.0,0.0,0,-8.195638656616211e-08
3577.65368852459,36.64450135429719,9499921.708168307,0.0,15550628.764018213,0.0,0.0,11070.486987627213,0.0,0.0,0.0,0,-8.195638656616211e-08
3592.622950819672,36.589183966469236,9485866.53344939,0.0,15564683.93873713,0.0,0.0,10969.209583303234,0.0,0.0,0.0,0,-8.195638656616211e-08
3607.592213114754,36.53437555809517,9471939.84120254,0.0,15578610.63098398,0.0,0.0,10869.014935498546,0.0,0.0,0.0,0,-8.195638656616211e-08
3622.561475409836,36.4800706389531,9458140.259503078,0.0,15592410.212683443,0.0,0.0,10769.888845575202,0.0,0.0,0.0,0,-8.195638656616211e-08
3637.530737704918,36.42626379163625,9444466.434388498,0.0,15606084.037798023,0.0,0.0,10671.817345446754,0.0,0.0,0.0,0,-8.195638656616211e-08
3652.5,36.37294967035632,9430917.029567307,0.0,15619633.442619214,0.0,0.0,10574.786693056847,0.0,0.0,0.0,0,-8.195638656616211e-08
