time_days,dt_days,pressure_mean_bar,pressure_min_bar,pressure_max_bar,gas_saturation_min,gas_saturation_max,gas_kg,native_gas_kg,water_kg,native_water_kg,production_kg_day,water_production_kg_day,bhp_bar,produced_kg,water_produced_kg,recharged_kg,lost_kg,gas_balance_residual_kg,water_balance_residual_kg,physical_gas_balance_residual_kg,production_sm3_day,produced_sm3
0.0,0.0,100.00001616034916,99.92239346054217,100.07767118085498,0.7999999999999999,0.8000000000000002,237508827.63149595,237508790.56407952,887130000.7897011,887129883.4646485,0.0,0.0,100.0,0.0,0.0,0.0,0.0,0.0,0.0,0.0,0.0,0.0
0.001,0.001,99.99948645273533,99.69137836976685,100.07767118087315,0.7999974422233712,0.8000000000000005,237507475.52768868,237507438.4591961,887130000.7744575,887129883.4646441,1352104.8924416462,5.032195995073448e-06,30.0,1352.1048924416461,5.0321959950734475e-09,0.0,0.0,9.009257837533369e-06,-4.405711517383833e-06,0.001085171119257211,1987785.8496901193,1987.7858496901192
0.0025,0.0015,99.99869859291431,99.35271070308394,100.07767118089969,0.7999936862034331,0.8000000000000007,237505464.68627065,237505427.59994227,887130000.840726,887129883.4646305,1340572.831926291,3.916539001557565e-06,30.0,3362.964140331083,1.0907004497409796e-08,0.0,0.0,3.0749374673177954e-06,-1.798969571767056e-05,0.01891503267825101,1970832.0860891326,4944.033978823818
0.004750000000000001,0.0022500000000000007,99.99753121587077,98.86165335518734,100.07767118093791,0.7999882755436684,0.8000000000000012,237502485.6777466,237502448.58851728,887130000.8127244,887129883.4645835,1324005.0913842134,4.103766991768072e-06,30.0,6341.975595945564,2.014048022888796e-08,0.0,0.0,3.3700910535117146e-05,-6.494892232494689e-05,0.021846586910214683,1946475.1590526449,9323.603086692272
0.008125,0.0033749999999999995,99.99581074323655,98.16104160087819,100.0776711809921,0.7999805743431104,0.8000000000000016,237498096.19925058,237498059.11971048,887130000.7552447,887129883.4645835,1300583.353452023,4.956052526921585e-06,30.0,10731.44441384614,3.686715750724831e-08,0.0,0.0,4.479826020542532e-05,-6.493219564766854e-05,0.012168472414487042,1912041.8843141112,15776.744446252394
0.013187500000000001,0.005062500000000001,99.99329345875135,97.18440900915431,100.07767118106727,0.7999697942839316,0.800000000000002,237491675.7207164,237491638.61050355,887130000.925633,887129883.4645834,1268248.7302769455,6.050154970770004e-06,30.0,17151.953610873177,6.749606704677145e-08,0.0,0.0,3.490443486953154e-05,-6.502077602767979e-05,0.04283130760450149,1864505.404887272,25215.80305849421
0.02078125,0.00759375,99.9896442765128,95.86718710188812,100.07767118116895,0.7999552849055538,0.800000000000003,237482371.9312752,237482334.7074575,887130001.2512591,887129883.4645834,1225205.3394452122,5.930592108083849e-06,30.0,26455.856657285258,1.1253150086753319e-07,0.0,0.0,3.527478838805109e-05,-6.497574059385903e-05,0.1564365215745056,1801225.5190616287,38893.859343868455
0.032171875,0.011390625000000001,99.98441042102043,94.16916238715716,100.07767118130263,0.7999365437177687,0.800000000000004,237469034.24549645,237468997.1532186,887130000.7170707,887129883.464583,1170923.8296189287,7.959840072851915e-06,30.0,39793.41090403837,2.0319905419736204e-07,0.0,0.0,4.311245720600709e-05,-6.524270090918155e-05,0.0249045376185677,1721424.005336126,58501.95465465027
0.049257812500000005,0.017085937500000002,99.97698779278134,92.10759217020747,100.07767118147336,0.7999138297607722,0.8000000000000053,237450127.74307254,237450090.59037405,887130000.9477912,887129883.4645828,1106556.9471209329,1.1087535028681189e-05,30.0,58699.973742737435,3.9263998472646956e-07,0.0,0.0,3.726687282323837e-05,-6.5291678557754e-05,0.08531932439655066,1626795.5642045112,86297.28198992579
0.07488671875000001,0.025628906250000007,99.96655654832122,89.78569271138048,100.07767118168458,0.7998881915596989,0.8000000000000068,237423567.42242277,237423530.06097117,887130001.5449878,887129883.4645818,1036350.48426328,2.176061635597551e-05,30.0,85260.50314606314,9.503407812559827e-07,0.0,0.0,3.771072078961879e-05,-6.568765207763074e-05,0.2940728772227885,1523582.1121969332,125345.02510759798
0.11333007812500001,0.038443359375,99.95196673129955,87.38858519579516,100.07767118193482,0.7998618074996396,0.8000000000000081,237386422.78894904,237386385.46072245,887130001.5054104,887129883.4645811,966216.2947187517,1.5222522734341909e-05,30.0,122405.10339791703,1.5355456933263965e-06,0.0,0.0,4.084038664586842e-05,-6.5817702902865e-05,0.2608510069840122,1420474.9122042265,179952.85264063664
0.17099511718750002,0.057665039062500006,99.93153512452685,85.12391808671288,100.07767118221143,0.7998368302930116,0.8000000000000097,237334397.04023772,237334359.40804636,887130002.2565494,887129883.4645768,902211.3489347438,2.0845035477113676e-05,30.0,174431.15607686987,2.7375754783733552e-06,0.0,0.0,4.371156683191657e-05,-6.890720754164618e-05,0.5648186420439743,1326378.569345882,256438.5246536298
0.25749267578125,0.08649755859375,99.90274454818145,83.13489062461136,100.07767118247051,0.799814916606297,0.800000000000013,237261063.17900372,237261025.48982033,887130002.3275158,887129883.4645748,847814.8911616687,2.2594199637399017e-05,30.0,247765.07430178009,4.691918585388162e-06,0.0,0.0,4.258833359926939e-05,-6.897942235699465e-05,0.6218095429940149,1246408.065844985,364249.779360779
0.387239013671875,0.129746337890625,99.86184730480804,81.45285245804784,100.07767118057838,0.7997963100592012,0.7999999999999954,237156858.5861978,237156820.6810607,887130002.6962292,887129883.4645692,803142.5815658695,2.7473459335673558e-05,30.0,351969.88306397427,8.256499323378809e-06,0.0,0.0,4.5152788516134024e-05,-7.101767822789072e-05,0.8377658151439391,1180733.4385406256,517445.61903643055
0.5818585205078125,0.19461950683593748,99.8033499796889,80.02099220838606,100.07767103258244,0.7997804887129133,0.799999999998485,237007774.56038785,237007735.9570401,887130004.8224009,887129883.4645308,766031.7634326862,4.416363426396096e-05,30.0,501054.6070839072,1.68516040439136e-05,0.0,0.0,4.4485379476100206e-05,-0.0001008079647427075,1.535975804377813,1126175.2755105714,736621.295767124
0.8737877807617187,0.2919292602539062,99.71927852998229,78.75902456253407,100.07766557994417,0.7997665770666509,0.7999999999433179,236793480.49079573,236793441.79384705,887130004.779576,887129883.4645153,734061.9539370524,4.426267425782094e-05,30.0,715348.7702772878,2.9773173796858884e-05,0.0,0.0,4.481896758079529e-05,-0.00010338360263136378,1.6295770667493343,1079175.1239040256,1051664.0913728438
1.311681671142578,0.43789389038085935,99.5980999489353,77.60846974215538,100.07755455025554,0.7997539370759641,0.7999999988200296,236484569.4891237,236484529.31057352,887130008.8993034,887129883.4644909,705450.54421485,4.471800074998579e-05,30.0,1024261.2535548229,4.935491311532435e-05,0.0,0.0,4.881806671619415e-05,-0.00010823976767080846,3.1111825723201036,1037112.2960099725,1505809.229434476
1.968522506713867,0.6568408355712889,99.423070377725,76.53691272732539,100.076230444818,0.7997420540755399,0.7999999854106165,236038345.32844204,236038303.4996701,887130013.8544883,887129883.4644734,679351.5060839824,5.812502299286541e-05,30.0,1470487.0644576396,8.753380178555844e-05,0.0,0.0,4.820479080080986e-05,-8.758464456453921e-05,4.76140372408554,998743.0104781546,2161824.4229579316
2.9537837600708006,0.9852612533569336,99.16987014025024,75.52825429051003,100.0664015547264,0.7997309217519101,0.7999998850904346,235392790.22148487,235392746.96023452,887130019.1130016,887129883.4644263,655213.5661923954,6.004812862819219e-05,30.0,2116043.603900825,0.00014669689625950946,0.0,0.0,5.5824872106313705e-05,-7.550921946314679e-05,6.193889742251486,963256.8173393053,3110884.0421142667
4.431675640106201,1.4778918800354006,98.80312236786858,74.57309249604796,100.01813488153473,0.7997203748220398,0.7999993828583102,234457693.91192862,234457650.9183294,887130018.6910616,887129883.4643234,632722.9038506823,6.491833371295345e-05,30.0,3051139.6458141683,0.00024263917451931177,0.0,0.0,6.403308361768723e-05,-8.24445580856687e-05,5.9262468395754695,930192.3556966261,4485607.771469312
6.431675640106201,2.0,98.32224525237359,73.72283008792135,99.87583193636756,0.7997109732504881,0.7999978125133848,233231603.59571582,233231561.44582188,887130016.5120285,887129883.4642208,613044.7362541842,4.8888792248742816e-05,30.0,4277229.118322536,0.0003404167590167974,0.0,0.0,6.489455699920654e-05,-8.730617189140573e-05,5.082542404532433,901262.6599941622,6288133.091457635
8.431675640106201,2.0,97.85253549663267,73.09796615942983,99.65955943809224,0.7997041048418386,0.7999954526638805,232034071.73913074,232034028.51669323,887130021.238497,887129883.464098,598766.4645647985,6.477288385024512e-05,30.0,5474762.047452133,0.0004699625267172876,0.0,0.0,6.584450602531433e-05,-8.05459724282202e-05,6.155086915940046,880271.5766981472,8048676.24485393
10.431675640106201,2.0,97.39158323095563,72.60155558600552,99.3813297094574,0.7996986043659186,0.7999923825470356,230858987.5809735,230858944.04116958,887130023.6734104,887129883.463967,587542.2377735255,6.55949638498599e-05,30.0,6649846.522999184,0.0006011524544170075,0.0,0.0,8.924491703510284e-05,-8.036705394480893e-05,6.472476737573743,863770.3723062933,9776216.989466516
12.431675640106201,2.0,96.93795644079107,72.18149729783596,99.05536879773565,0.7996939705703815,0.7999887762059157,229702731.37075168,229702688.36308774,887130021.4777582,887129883.46387,578127.8390428567,4.5132457408567614e-05,30.0,7806102.201084898,0.0006914173692341427,0.0,0.0,9.311828762292862e-05,-8.70192915324589e-05,5.940340624190867,849929.8717025492,11476076.732871614
14.431675640106201,2.0,96.49073283550861,71.8097911455201,98.69471388075918,0.7996898286257661,0.7999848432933342,228562975.85261422,228562932.24597937,887130024.516129,887129883.4637165,569878.0585534971,7.740290261923126e-05,30.0,8945858.318191892,0.0008462231744726052,0.0,0.0,9.173713624477386e-05,-8.575505123540261e-05,6.539310162886977,837801.5249955229,13151679.78286266
16.4316756401062,1.9999999999999982,96.04931520485367,71.47129842395525,98.30997647064815,0.7996860913562645,0.7999805861092917,227438217.2692524,227438174.19696206,887130023.1804235,887129883.4636137,562379.0245092787,5.3680289782369515e-05,30.0,10070616.367210448,0.0009535837540373441,0.0,0.0,9.298324584960938e-05,-8.115287926343715e-05,6.004966884851456,826776.8819794597,14805233.546821577
18.4316756401062,2.0,95.61328952978603,71.15349614978945,97.9093152674271,0.7996826571608597,0.7999762386288601,226327412.59534544,226327369.18334857,887130026.2437762,887129883.4635091,555402.5068067482,5.043107068728459e-05,30.0,11181421.380823944,0.0010544458954119132,0.0,0.0,9.298697113990784e-05,-8.495649411445396e-05,6.344673428684473,816520.4120511836,16438274.370923944
20.4316756401062,2.0,95.18234329766214,70.8517632454291,97.49871688612279,0.7996792721063438,0.79997168135416,225229774.74436313,225229730.51062888,887130028.7961688,887129883.4633609,548819.3363606894,7.279237252492127e-05,30.0,12279060.053545322,0.0012000306404617558,0.0,0.0,9.467825293540955e-05,-8.754889597623245e-05,7.166412498801947,806842.218346002,18051958.807615947
22.4316756401062,2.0,94.75625578447689,70.56009901316963,97.08249736901658,0.7996760276532596,0.7999671120872278,224144747.15564507,224144703.9652123,887130025.7232368,887129883.4632027,542513.2727077651,8.248696454926858e-05,30.0,13364086.598960852,0.001365004569560293,0.0,0.0,9.361468255519867e-05,-8.076569411158202e-05,6.12310997210443,797571.4109059875,19647101.62942792
24.4316756401062,2.0,94.33485500764237,70.27839518290959,96.66370023309824,0.7996728902688114,0.7999625542449426,223071894.77588892,223071851.42880183,887130027.0066121,887129883.4630414,536426.2682054744,7.910916732346803e-05,30.0,14436939.1353718,0.0015232229042072291,0.0,0.0,9.411200881004333e-05,-8.38375282268529e-05,6.2797647677361965,788622.6514685418,21224346.932365008
26.4316756401062,2.0,93.91801096301549,70.00185302337721,96.24443948196866,0.7996698516966975,0.799957901003617,222010888.50141543,222010845.05570555,887130027.5974553,887129883.462906,530503.1865483442,6.866946066498187e-05,30.0,15497945.508468488,0.001660561825537193,0.0,0.0,9.451247751712799e-05,-8.19203598265766e-05,6.378387967124581,779914.8818491737,22784176.69606335
28.4316756401062,2.0,93.5056136901822,69.73212747702219,95.82618542722471,0.7996668613663693,0.7999533044728518,220961448.76824963,220961404.6112342,887130031.5938071,887129883.4627808,524720.2222356182,6.035319728800619e-05,30.0,16547385.952939725,0.0017812682201132054,0.0,0.0,9.438954293727875e-05,-8.638371927888449e-05,7.0896934028714895,771413.1045873952,24327002.905238144
30.0,1.5683243598938006,93.18489535001012,69.52257058942955,95.49933719446925,0.799664546516354,0.7999497130916676,220145483.58370352,220145440.1675054,887130029.3192905,887129883.4626582,520277.86126054416,7.940953833321843e-05,30.0,17363350.396668084,0.0019058081334891123,0.0,0.0,9.397417306900024e-05,-8.451016485073147e-05,6.3488756492733955,764882.2042594469,25526586.2986275
32.0,2.0,92.7801806362113,69.25943225530817,95.08510033626182,0.7996616429914121,0.7999451689605356,219116040.90155208,219115995.88937953,887130036.3669113,887129883.4625101,514722.1390626865,7.308840429444467e-05,30.0,18392794.674793456,0.0020519849420780017,0.0,0.0,9.346380829811096e-05,-8.639129388391233e-05,7.944849584251642,756714.5051175792,27040015.308862656
34.0,2.0,92.37966133016567,68.99965361406892,94.67392198582279,0.7996587772901497,0.7999406826652891,218097524.36580545,218097482.0909467,887130025.5442731,887129883.4623731,509256.89921633695,7.060547153856176e-05,30.0,19411308.47322613,0.002193195885155125,0.0,0.0,9.331107139587402e-05,-8.215182450063653e-05,5.207535624504089,748679.8278580965,28537374.964578852
36.0,2.0,91.98326451192226,68.74408578216311,94.26610788490416,0.7996559482970521,0.7999361605786276,217089744.54523712,217089699.790672,887130037.1020452,887129883.4622363,503891.15013663296,6.887683503183609e-05,30.0,20419090.773499396,0.0023309495552187973,0.0,0.0,9.187683463096619e-05,-8.125041884126131e-05,7.687240567058325,740791.4161281732,30018957.796835195
38.0,2.0,91.59090612042104,68.4911700152263,93.86186675419606,0.799653143804463,0.7999317411794221,216092488.09365088,216092444.77784616,887130031.0315537,887129883.4620959,498627.50641346845,6.813826146751301e-05,30.0,21416345.786326334,0.002467226078153823,0.0,0.0,9.296834468841553e-05,-8.540243899705577e-05,6.248481258749962,733053.1137455655,31485064.02432633
40.0,2.0,91.20253263292547,68.24016660228062,93.46131339984922,0.79965039300438,0.7999273290522099,215105615.23443592,215105571.60561514,887130032.9692932,887129883.4619602,493436.5861163972,6.865556407765556e-05,30.0,22403218.95855913,0.0026045372063091344,0.0,0.0,9.474530816078186e-05,-8.375148235053361e-05,6.5614990927278996,725421.7251076957,32935907.474541724
42.0,2.0,90.81807968445821,67.99283630386867,93.06450544618619,0.7996476452897688,0.7999229554681923,214128960.1472595,214128915.12844798,887130039.1609788,887129883.4618207,488328.2385827517,7.017506000002352e-05,30.0,23379875.43572463,0.0027448873263091816,0.0,0.0,9.308755397796631e-05,-8.287623112490042e-05,7.951488181948662,717911.7301365635,34371730.93481485
44.0,2.0,90.43747650262847,67.74822267769315,92.671483004722,0.7996449359545568,0.7999186781627285,213162341.27990192,213162297.8046951,887130034.0962571,887129883.4616716,483308.6618768791,7.375054841215003e-05,30.0,24346492.75947839,0.0028923884231334815,0.0,0.0,9.396672248840332e-05,-8.450595552862792e-05,6.407884359359741,710532.240865321,35792795.41654549
46.0,2.0,90.06066709879114,67.50564439035405,92.2822337047234,0.7996422618333194,0.7999143583059851,212205612.52995035,212205567.48651284,887130039.5655191,887129883.4615184,478365.1590912613,7.74292509521214e-05,30.0,25303223.077660915,0.0030472469250377244,0.0,0.0,9.423121809959412e-05,-8.283139069713893e-05,7.976115312427282,703264.5910401585,37199324.59862581
48.0,2.0,89.68759593428072,67.26525242060976,91.89675038379927,0.799639604776226,0.799910169308268,211258630.90271837,211258586.9980387,887130037.4950979,887129883.4613514,473490.2442366218,8.302680890047156e-05,30.0,26250203.56613416,0.0032133005428386673,0.0,0.0,9.334459900856018e-05,-8.378998755684047e-05,6.837356571108103,696097.7751957178,38591520.149017245
50.0,2.0,89.31820881336508,67.02782863208589,91.51499968674534,0.7996369700055229,0.7999059267831831,210321255.08439827,210321210.3371093,887130039.5655752,887129883.4611697,468688.3304643862,9.063711699645916e-05,30.0,27187580.22706293,0.0033945747768315856,0.0,0.0,9.270384907722473e-05,-8.41907108393128e-05,7.679965246468782,689038.2812901487,39969596.71159754
52.0,2.0,88.95244881238766,66.79300684249885,91.1369464991934,0.7996343721808985,0.799901810745786,209393338.06390864,209393294.0078081,887130039.2930428,887129883.4609793,463958.1646519394,9.695617016691068e-05,30.0,28115496.55636681,0.003588487117165407,0.0,0.0,9.537488222122192e-05,-8.065560591808893e-05,6.988779492676258,682084.2670555797,41333765.245708704
54.0,2.0,88.59026178531285,66.5604790351583,90.76255142123091,0.7996318091693764,0.7998976561201525,208474738.51250565,208474692.6395097,887130046.0797434,887129883.460778,459300.6841481942,9.987567402462798e-05,30.0,29034097.924663197,0.003788238465214663,0.0,0.0,9.33818519115448e-05,-8.224874792010263e-05,8.805672895163298,675237.1105277796,42684239.466764264
56.0,2.0,88.2315906616042,66.3301238900232,90.39176778224648,0.7996292780394605,0.7998936290003791,207565309.77708316,207565265.79747745,887130038.6680804,887129883.4605842,454713.4210168635,9.863121590981388e-05,30.0,29943524.766696922,0.003985500897034291,0.0,0.0,9.485334157943726e-05,-7.882062091004501e-05,6.912284128367901,668493.1834905819,44021225.83374542
58.0,2.0,87.87639447499073,66.10155272207265,90.02455072627691,0.7996267762611581,0.7998895392561665,206664942.99924606,206664898.14217225,887130044.5494986,887129883.4603902,450183.8276524441,9.29308597404993e-05,30.0,30843892.42200181,0.00417136261651529,0.0,0.0,9.453296661376953e-05,-8.691241552816718e-05,7.7897519171237946,661834.0391853026,45344893.91211603
60.0,2.0,87.52462035253728,65.87545339387674,89.6608548069685,0.7996243023544803,0.799885593547779,205773501.85468388,205773457.13892117,887130044.1256467,887129883.4602263,445720.5016263624,8.304599969290731e-05,30.0,31735333.425254535,0.0043374546159011046,0.0,0.0,9.618327021598816e-05,-8.473318927467669e-05,7.648442458361387,655272.3172606245,46655438.546637274
62.0,2.0,87.17621733977236,65.65220525061908,89.30062699938784,0.7996218583305502,0.7998815872797709,204890853.63866693,204890809.88621858,887130039.8661475,887129883.4600903,441323.62635024695,6.943433093938103e-05,30.0,32617980.677955028,0.004476323277779867,0.0,0.0,9.408220648765564e-05,-8.18823267733559e-05,6.685126002877951,648808.2873576399,47953055.12135255
64.0,2.0,86.83113468306884,65.43105967607116,88.94383408887124,0.7996193807571905,0.7998776833371405,204016865.27646446,204016819.4479555,887130049.9196817,887129883.4599614,436995.21913215914,6.175555750852152e-05,30.0,33491971.116219345,0.00459983439279691,0.0,0.0,9.531155228614807e-05,-8.723645376070704e-05,8.761187855154276,642444.9152051477,49237944.95176285
66.0,2.0,86.48931798912321,65.21172270448766,88.59040709052132,0.7996169113923245,0.799873790825754,203151397.0001223,203151352.11715192,887130046.6978824,887129883.4598324,432733.6654014106,6.429092604374717e-05,30.0,34357438.44702217,0.0047284162448844045,0.0,0.0,9.456276893615723e-05,-8.763905296715804e-05,7.815648525953293,636179.8271553745,50510304.6060736
68.0,2.0,86.1507237541285,64.99401826666893,88.24032439078148,0.7996144931503308,0.799869925447156,202294334.1350122,202294289.15420768,887130047.4874914,887129883.4596739,428531.4814719998,7.908401245737727e-05,30.0,35214501.40996617,0.004886584269799159,0.0,0.0,9.432435035705566e-05,-8.801938315494261e-05,7.913482427597046,630002.0211291023,51770308.648331806
70.0,2.0,85.8153094780803,64.77845472308672,87.89351589104996,0.7996121070650664,0.7998661703524993,201445565.62123346,201445520.30666873,887130048.9470805,887129883.4594787,424384.42377048655,9.954830443420345e-05,30.0,36063270.257507145,0.005085680878667566,0.0,0.0,9.635090827941895e-05,-8.406838128116427e-05,8.247244656085968,623905.2584718574,53018119.16527553
72.0,2.0,85.48303360521004,64.56514765689104,87.5499474699061,0.7996097546753056,0.799862337143454,200604982.65567076,200604937.7096515,887130048.6477926,887129883.4592674,420291.29850828875,0.0001083616043856543,30.0,36903852.854523726,0.005302404087438875,0.0,0.0,9.570270776748657e-05,-7.870324288339076e-05,7.878698535263538,617887.784145207,54253894.73356594
74.0,2.0,85.15385449398133,64.35377141321156,87.20958143783875,0.7996074391253137,0.7998586070909104,199772476.04042676,199772430.92933065,887130050.352555,887129883.4590658,416253.3901596509,9.949531814067013e-05,30.0,37736359.63484303,0.005501394723720215,0.0,0.0,9.415298700332642e-05,-8.129551523242129e-05,8.043773837387562,611951.486508362,55477797.70658267
76.0,2.0,84.82773054219405,64.14462818454672,86.87235095946893,0.7996051841398737,0.7998549297487753,198947937.09310782,198947891.99712753,887130050.3078876,887129883.4589043,412269.4661024886,7.94749787456964e-05,30.0,38560898.567048006,0.005660344681211608,0.0,0.0,9.601563215255737e-05,-8.387414508233704e-05,8.028659872710705,606094.5534321369,56689986.81344695
78.0,2.0,84.50461318254224,63.93746503999579,86.53823560705355,0.7996028721256412,0.7998512108404768,198131239.12826243,198131193.40497565,887130053.2867743,887129883.4587746,408349.29607531993,6.462919762612694e-05,30.0,39377597.15919865,0.005789603076463862,0.0,0.0,9.477883577346802e-05,-8.431545686133322e-05,8.655965127050877,600331.3478169916,57890649.50908093
80.0,2.0,84.18445837582684,63.73186795740785,86.20718899200291,0.7996005555102591,0.7998475784701599,197322267.34626526,197322221.64779246,887130054.4974993,887129883.458621,404485.8785916454,7.622817514703772e-05,30.0,40186568.91638194,0.0059420594267579376,0.0,0.0,9.487569332122803e-05,-8.540067150866401e-05,8.631151244044304,594651.5764853269,59079952.66205159
82.0,2.0,83.86722731757499,63.52805995651108,85.87915227034495,0.7995982843728516,0.7998440155812045,196520920.1763351,196520875.69930094,887130049.484802,887129883.4584155,400672.9742457779,0.00010393944877991107,30.0,40987914.8648735,0.00614993832431776,0.0,0.0,9.492039680480957e-05,-8.303858913438853e-05,7.409712642431259,589046.0666263612,60258044.79530431
84.0,2.0,83.55288613371448,63.32645972487409,85.55410381931067,0.7995960654493468,0.7998403917500831,195727107.3104336,195727061.75136316,887130054.5773916,887129883.4581885,396906.97396910324,0.0001124446330712687,30.0,41781728.8128117,0.006374827590460297,0.0,0.0,9.53376293182373e-05,-8.512381029653852e-05,8.491749346256256,583509.5123976544,61425063.820099615
86.0,2.0,83.24139855815936,63.126839981168025,85.23200349728727,0.7995939021029553,0.7998368483537817,194940734.00573537,194940687.97514224,887130057.5736561,887129883.4580047,393186.88811057183,9.397626741711662e-05,30.0,42568102.58903284,0.006562780125294531,0.0,0.0,9.556114673614502e-05,-8.099199994960997e-05,8.963272258639336,578040.4588718828,62581144.73784338
88.0,2.0,82.93271938708226,62.929231301835856,84.91279583015655,0.7995917447701989,0.7998333777242602,194161682.671982,194161637.17562515,887130056.2488927,887129883.4578675,389525.3997584132,6.903081671009577e-05,30.0,43347153.38854967,0.006700841758714722,0.0,0.0,9.529292583465576e-05,-8.01402588023678e-05,8.42903570830822,572657.5519865428,63726459.84181646
90.0,2.0,82.62680632521125,62.73298820143875,84.59645118344143,0.7995894988511049,0.7998298827823833,193389842.8200277,193389798.48560613,887130051.5167413,887129883.4577066,385919.34500926716,7.841357536173125e-05,30.0,44118992.078568205,0.006857668909438184,0.0,0.0,9.481608867645264e-05,-8.424564897246013e-05,7.267099961638451,567356.1403552187,64861172.12252691
92.0,2.0,82.32362705952418,62.53833116599082,84.28293865487792,0.7995873378212746,0.7998264042411639,192625128.23076624,192625082.40738618,887130058.4622561,887129883.4574814,382358.0391103578,0.00011228015696879472,30.0,44883708.15678892,0.007082229223375774,0.0,0.0,9.558349847793579e-05,-8.487168299629606e-05,8.75605920702219,562120.5158767905,65985413.15428048
94.0,2.0,82.02315014509173,62.34573525625808,83.97221533999748,0.799585235690356,0.7998229973478419,191867456.31816489,191867409.06419465,887130065.7532204,887129883.4572624,378836.67159577296,0.00011186757204764102,30.0,45641381.49998047,0.007305964367471056,0.0,0.0,9.559839963912964e-05,-8.012400380579942e-05,10.186649404466152,556943.6064844946,67099300.36724948
96.0,2.0,81.72533901719605,62.15503604839525,83.66423453526595,0.799583190367607,0.7998196412078655,191116731.44193333,191116683.79422545,887130068.1087916,887129883.4571012,375362.6349850573,7.99883085727691e-05,30.0,46392106.76995058,0.007465940984616594,0.0,0.0,9.651482105255127e-05,-8.131834613291783e-05,10.580387964844704,551836.2802299348,68202972.92770934
98.0,2.0,81.43015088193798,61.96608511177903,83.35896832984672,0.7995810381987154,0.7998162773272965,190372842.3182812,190372796.08260533,887130062.6260116,887129883.4569529,371943.8558099938,7.377800270742182e-05,30.0,47135994.48157057,0.007613496990031438,0.0,0.0,9.638071060180664e-05,-8.205869691924571e-05,9.168355822563171,546810.1902383999,69296593.30818614
100.0,2.0,81.1375518252359,61.77819403081522,83.05638556467281,0.79957893225389,0.7998129225243318,189635699.47619313,189635655.22348782,887130054.0702018,887129883.4567338,368570.4295583202,0.00011025496917589613,30.0,47873135.340687215,0.00783400692838323,0.0,0.0,9.551644325256348e-05,-8.065543276178887e-05,7.185384392738342,541850.775472922,70380294.85913199
102.0,2.0,80.84751583043295,61.592382183441934,82.75644797311492,0.7995769004141948,0.7998096163518964,188905232.910648,188905188.7987112,887130053.7585405,887129883.4564991,365233.21238851745,0.00011595395183033291,30.0,48603601.76546425,0.008065914832043896,0.0,0.0,9.594112634658813e-05,-8.347062022661181e-05,7.044616289436817,536944.5931903495,71454184.0455127
104.0,2.0,80.5600127846987,61.40856702844249,82.45911988609477,0.7995749452302251,0.7998063572206364,188181363.23732427,188181318.33115667,887130057.8057557,887129883.4563384,361935.23377692135,8.07273816777643e-05,30.0,49327472.23301809,0.008227369595399424,0.0,0.0,9.52407717704773e-05,-8.270997918553673e-05,7.838846407830715,532096.0971503173,72518376.23981333
106.0,2.0,80.27499869923602,61.22616564536243,82.16436402907043,0.7995728530129685,0.7998031431943011,187463976.42841142,187463930.57318327,887130063.0689613,887129883.4561791,358693.87898706365,8.008512772601508e-05,30.0,50044859.99099222,0.008387539850851455,0.0,0.0,9.59634780883789e-05,-8.180333457335001e-05,8.7879076898098,527330.8461545389,73573037.93212241
108.0,2.0,79.99244417475532,61.04499860067098,81.87215353396637,0.7995708172969862,0.7997999430828542,186752994.74486858,186752947.9792112,887130068.1146969,887129883.4559361,355491.2969862383,0.00012031097077348638,30.0,50755842.58496469,0.008628161792398427,0.0,0.0,9.638071060180664e-05,-8.424913442042076e-05,9.698337316513062,522622.5966545929,74618283.12543158
110.0,2.0,79.71232627430366,60.86565217957984,81.58245687157878,0.7995688758962074,0.7997967237686814,186048356.70793182,186048309.35184753,887130071.5160674,887129883.4557171,352319.3136821763,0.00010952853757346599,30.0,51460481.212329045,0.008847218867545359,0.0,0.0,9.705126285552979e-05,-8.41795241782739e-05,10.288764908909798,517959.3315761849,75654201.78858395
112.0,2.0,79.4346097169261,60.68819451180445,81.29524023190872,0.7995669476014152,0.7997935463044794,185349970.1534368,185349923.06189764,887130071.2995139,887129883.4555745,349193.1449741611,7.247784998739147e-05,30.0,52158867.50227737,0.008992174567520142,0.0,0.0,9.547919034957886e-05,-8.179813450622485e-05,10.02421822398901,513363.42044808075,76680928.62948012
114.0,2.0,79.15925757292969,60.51152502110184,81.01047118538902,0.799564920583573,0.7997904075047029,184657738.60028148,184657691.87458932,887130070.0762197,887129883.4553684,346115.5936539444,0.00010141596121523947,30.0,52851098.68958525,0.009195006489950622,0.0,0.0,9.50545072555542e-05,-8.507907370904587e-05,9.658370777964592,508838.98377144476,77698606.59702301
116.0,2.0,78.88624862093151,60.33673026917958,80.72811885237829,0.7995629959455604,0.7997873038970699,183971604.7988178,183971558.3652586,887130069.035023,887129883.4551212,343066.75466533715,0.0001234884184731594,30.0,53537232.19891593,0.009441983326896941,0.0,0.0,9.500980377197266e-05,-8.53423032910472e-05,9.366237789392471,504356.7582921826,78707320.11360738
118.0,2.0,78.6155569533489,60.1637707825976,80.448150448756,0.7995611778366446,0.7997842316854935,183291499.97730926,183291453.6633737,887130068.7456217,887129883.4549586,340052.35094257514,8.157811816172267e-05,30.0,54217336.90080108,0.009605139563220386,0.0,0.0,9.526312351226807e-05,-8.478753791486826e-05,9.246614381670952,499925.1575348337,79707170.42867704
120.0,2.0,78.34714085156827,59.99173296884334,80.17053905101416,0.7995591882438807,0.7997811929988687,182617316.07165688,182617269.82667094,887130069.1215013,887129883.4547821,337091.91835138376,9.004047518733173e-05,30.0,54891520.73750384,0.00978522051359505,0.0,0.0,9.526312351226807e-05,-8.1136336075361e-05,9.177664771676064,495572.9019911791,80698316.23265938
122.0,2.0,78.08097757600063,59.821150890878016,79.89525710165611,0.799557285502149,0.7997781933201991,181948992.13669652,181948945.41593835,887130072.1620506,887129883.454522,334162.20536661946,0.00012809686239783212,30.0,55559845.14823708,0.010041414238390714,0.0,0.0,9.590387344360352e-05,-8.505728107950118e-05,9.65343764424324,491265.8086234068,81680847.8499062
124.0,2.0,77.8170449588878,59.65259171458411,79.62227648002828,0.7995554955056223,0.7997751941294174,181286469.05223972,181286422.0626667,887130074.4196174,887129883.4543451,331261.6766354372,9.04473459243925e-05,30.0,56222368.50150795,0.0102223089302395,0.0,0.0,9.514391422271729e-05,-8.106917492407481e-05,9.922251716256142,487001.6202452018,82654851.0903966
126.0,2.0,77.55530521971102,59.48547851045118,79.3515682339566,0.7995535864600665,0.7997721868925273,180629648.6693262,180629600.9985968,887130078.1036112,887129883.4541695,328410.5320354163,8.697073614526939e-05,30.0,56879189.56557879,0.010396250402530038,0.0,0.0,9.605288505554199e-05,-8.272298614183694e-05,10.60340902209282,482810.0335398926,83620471.1574764
128.0,2.0,77.29573717527991,59.31922164678912,79.08310330178135,0.7995517308559281,0.7997692272668029,179978474.2473838,179978425.94982585,887130082.1943009,887129883.453906,325587.52438568074,0.00013008609030374602,30.0,57530364.61435015,0.01065642258313753,0.0,0.0,9.647756814956665e-05,-8.600333544157152e-05,11.230237998068333,478659.81213985174,84577790.78175609
130.0,2.0,77.03832176638053,59.154684990556206,78.81685380269278,0.7995499950705651,0.7997662820022076,179332894.48005298,179332845.80953586,887130084.6735249,887129883.453724,322790.0701444817,9.185057533236165e-05,30.0,58175944.75463911,0.010840123733802253,0.0,0.0,9.544938802719116e-05,-8.433476992089108e-05,11.603196136653423,474547.1578724972,85526885.09750108
132.0,2.0,76.78302221229067,58.991374456931254,78.55279319795848,0.7995481063219678,0.7997633727665149,178692813.99401653,178692765.26304802,887130085.3423887,887129883.4535506,320040.27324401366,9.105684344441258e-05,30.0,58816025.301127136,0.011022237420691078,0.0,0.0,9.563565254211426e-05,-7.567059932845309e-05,11.663647711277008,470504.5666513372,86467894.23080376
134.0,2.0,76.52981622564008,58.82907254111901,78.29089482738756,0.7995463164962425,0.7997604820834566,178058173.31029296,178058124.67570302,887130085.2342732,887129883.4532853,317320.29367211624,0.000131157402178132,30.0,59450665.888471365,0.011284552225047342,0.0,0.0,9.486079216003418e-05,-7.859646422267788e-05,11.567268371582031,466505.81112971465,87400905.85306318
136.0,2.0,76.2786830464102,58.66880717795729,78.03113406736723,0.7995446485920223,0.7997576248318323,177428916.89918527,177428868.44442523,887130085.1202999,887129883.4531157,314628.1156394127,8.302008877393987e-05,30.0,60079922.11975019,0.011450592402595222,0.0,0.0,9.588897228240967e-05,-8.219110570555944e-05,11.387439504265785,462547.92781151226,88326001.7086862
138.0,2.0,76.02958606993373,58.50958699375476,77.77348377773275,0.7995427731085043,0.7997547776023366,176804949.9757554,176804901.45867157,887130085.9687936,887129883.4529021,311983.4928768896,0.00010478989582630328,30.0,60703889.10550397,0.011660172194247828,0.0,0.0,9.601563215255737e-05,-8.623436092795346e-05,11.449763409793377,458659.9574813267,89243321.62364885
140.0,2.0,75.78251164922686,58.351663745935134,77.51791927441747,0.799541047228782,0.799751973499715,176186234.72857547,176186185.89315638,887130088.4418676,887129883.452652,309357.7827579137,0.00012649776318187207,30.0,61322604.67101979,0.011913167720611573,0.0,0.0,9.66489315032959e-05,-8.333992404174762e-05,11.768099308013916,454799.79141797987,90152921.20648481
142.0,2.0,75.53743810508351,58.195380897652214,77.2644168439094,0.7995393574749956,0.7997491816050121,175572713.71413666,175572664.71427405,887130089.803107,887129883.452504,306760.58944011165,7.624623165568334e-05,30.0,61936125.849900015,0.01206566018392294,0.0,0.0,9.454041719436646e-05,-7.878618906289984e-05,11.932540722191334,450981.5490945505,91054884.30467391
144.0,2.0,75.29433139508949,58.03952491067615,77.01295188486536,0.7995375702974781,0.7997464047235051,174964298.5914072,174964249.33153042,887130091.8860109,887129883.452243,304207.69137197896,0.00012869613140710723,30.0,62544541.23264397,0.012323052446737155,0.0,0.0,9.48682427406311e-05,-8.246227036489556e-05,12.192555226385593,447228.42706688616,91949341.15880768
146.0,2.0,75.05317771197186,57.885519140654786,76.76350008932442,0.7995359203460107,0.7997436672498186,174360951.32038826,174360901.63710853,887130094.6111189,887129883.4520221,301673.8472112347,0.00010883710191565959,30.0,63147888.92706644,0.012540726650568474,0.0,0.0,9.544938802719116e-05,-8.568288007117404e-05,12.615958742797375,443503.316983931,92836347.79277554
148.0,2.0,74.81394552175712,57.7331114632654,76.51603812622244,0.7995342102035555,0.7997409462107825,173762590.0230512,173762539.60768798,887130099.1166104,887129883.4518472,299181.01471036306,8.951349153130949e-05,30.0,63746250.956487164,0.012719753633631094,0.0,0.0,9.562075138092041e-05,-8.153592477955045e-05,13.348042413592339,439838.49985429837,93716024.79248413
150.0,2.0,74.57661665454347,57.58129131424176,76.27054334860527,0.7995324950229539,0.7997382435778032,173169166.06727397,173169114.9548284,887130103.8830792,887129883.4515704,296712.3264297772,0.000135622059093174,30.0,64339675.60934672,0.012990997751817442,0.0,0.0,9.560585021972656e-05,-8.70957769301163e-05,14.045124739408493,436209.1781508742,94588443.14878589
152.0,2.0,74.3411770852535,57.43113268187715,76.02699224727301,0.7995309441288145,0.7997355610879281,172580641.38235295,172580590.73859718,887130101.7401674,887129883.4514085,294262.1081158168,8.197980027012986e-05,30.0,64928199.825578354,0.013154957352357702,0.0,0.0,9.601563215255737e-05,-8.502239159981738e-05,13.576435349881649,432607.0099164654,95453657.16861881
154.0,2.0,74.10759040053505,57.28142214681123,75.78536211120179,0.7995291825937628,0.7997329002730532,171996921.94362128,171996872.26995236,887130097.2841253,887129883.4511557,291859.23432190536,0.00012685673543271305,30.0,65511918.29422217,0.013408670823223128,0.0,0.0,9.500235319137573e-05,-8.415182387159874e-05,12.606347493827343,429074.44483750686,96311806.05829383
156.0,2.0,73.87584526973028,57.133790248437606,75.54563145956651,0.7995275948469813,0.7997302624603725,171417975.9774289,171417927.4872833,887130092.080706,887129883.4509318,289472.39133504126,0.00011263312298749006,30.0,66090863.07689225,0.013633937069198108,0.0,0.0,9.601563215255737e-05,-8.276062367298595e-05,11.422825209796429,425565.44731723843,97162936.95292832
158.0,2.0,73.64591460443464,56.98717857391115,75.30777847854844,0.7995259520117972,0.7997276518781506,170843732.83840314,170843684.9416714,887130089.1333401,887129883.4507465,287121.2728060066,9.247008181520018e-05,30.0,66665105.622504264,0.013818877232828508,0.0,0.0,9.614229202270508e-05,-8.307169600449936e-05,10.829411447048187,422108.9698138401,98007154.892556
160.0,2.0,73.41778170286358,56.84137813643432,75.07178019389896,0.7995243207653925,0.7997250637429764,170274147.6509839,170274099.87911388,887130089.4830127,887129883.4504716,284792.5312786889,0.0001362596446294452,30.0,67234690.68506165,0.014091396522087398,0.0,0.0,9.600818157196045e-05,-8.544902844971093e-05,10.704549595713615,418685.389674855,98844525.67190571
162.0,2.0,73.1914289420858,56.69702608959143,74.83761691921464,0.7995227855108125,0.7997224981880838,169709173.4310587,169709125.4769186,887130091.1535299,887129883.4503186,282487.20109758823,7.91128701788087e-05,30.0,67799665.08725682,0.014249622262445015,0.0,0.0,9.590387344360352e-05,-8.028801587529714e-05,10.886819571256638,415296.227533314,99675118.12697233
164.0,2.0,72.9668258752158,56.55361203898647,74.60526680793659,0.7995211200636373,0.7997199602505372,169148731.5409211,169148683.3536337,887130093.1613796,887129883.4504339,280221.06168793776,0.00013893308097452837,30.0,68360107.2106327,0.014527488424394072,0.0,0.0,0.00018687546253204346,0.0003128535290693648,11.120057836174965,411964.6813810079,100499047.48973435
166.0,2.0,72.74396627896346,56.41157429156458,74.37471071041199,0.7995196598814761,0.7997174449474089,168592803.20641696,168592754.76567787,887130094.566642,887129883.4502456,277964.2939776142,9.572484545377324e-05,30.0,68916035.79858792,0.014718938115301618,0.0,0.0,0.0001862645149230957,0.00031607175177622744,11.373508930206299,408646.91295512934,101316341.3156446
168.0,2.0,72.52281882295095,56.27017633017096,74.14592821372452,0.7995179933840196,0.7997149043203028,168041307.6257435,168041258.93433127,887130096.4781251,887129883.4499972,275747.91567420994,0.00012076921840007417,30.0,69467531.62993634,0.014960476552101766,0.0,0.0,0.00018808245658874512,0.0003091780291525469,11.624183893203735,405388.522682529,102127118.36100966
170.0,2.0,72.30337192508017,56.13019948597551,73.9188996304201,0.7995164903473397,0.7997123848720646,167494212.49080408,167494162.3357529,887130105.6124848,887129883.4497653,273548.29928850336,0.00011915044389123545,30.0,70014628.22851335,0.015198777439884237,0.0,0.0,0.00018672645092010498,0.0003156168487587485,13.0878214687109,402154.7748049081,102931427.91061948
172.0,2.0,72.08559989193718,55.99165260323138,73.69360586951274,0.7995149203494157,0.7997098862516859,166951451.6410488,166951400.51125655,887130110.9908575,887129883.4495705,271380.91224840283,9.650098604199282e-05,30.0,70557390.05301015,0.015391779411968223,0.0,0.0,0.0001871734857559204,0.0003138308417167581,14.062562987208366,398968.40863376466,103729364.727887
174.0,2.0,71.86949062319331,55.85362674132116,73.47002669443968,0.7995133956956635,0.7997074078875044,166412992.1419794,166412941.5936669,887130108.3457303,887129883.4493009,269229.45879495854,0.0001351566553604277,30.0,71095848.97060007,0.015662092722689078,0.0,0.0,0.00018745660781860352,0.0003144927394737457,13.481083512306213,395805.46709355566,104520975.66207412
176.0,2.0,71.655023587613,55.71694007448591,73.24814242747699,0.7995119258452515,0.7997049601696383,165878779.91004413,165878730.98957786,887130099.8785385,887129883.4491292,267105.3020448178,8.454661819139106e-05,30.0,71630059.5746897,0.01583118595907186,0.0,0.0,0.00018803775310516357,0.0003119245989034042,11.853237882256508,392682.6555764487,105306340.97322701
178.0,2.0,71.4421763640417,55.581248403100915,73.02793576644294,0.7995103720620733,0.7997025474532912,165348755.75850666,165348706.69483837,887130101.7628355,887129883.4488436,265012.14736970584,0.00014313715223098581,30.0,72160083.86942911,0.016117460263533834,0.0,0.0,0.00018796324729919434,0.00031257344560170486,11.996439814567566,389605.4215041077,106085551.81623523
180.0,2.0,71.2309407052302,55.446937730380455,72.80938797445471,0.7995089699777644,0.7997001553297728,164822896.50750667,164822846.44277108,887130107.7638023,887129883.4486781,262930.1260338281,8.123625872967929e-05,30.0,72685944.12149677,0.01627993278099319,0.0,0.0,0.00018832087516784668,0.0003095834691645774,12.997507482767105,386544.5550185667,106858640.92627236
182.0,2.0,71.02128936730828,55.31276278012313,72.59248025522399,0.7995073941475566,0.799697790728961,164301132.23840317,164301081.9962377,887130109.8097196,887129883.4483982,260882.2232666656,0.00014437133258734676,30.0,73207708.5680301,0.016568675446167885,0.0,0.0,0.00018827617168426514,0.0003184227224740377,13.174937322735786,383533.8476652668,107625708.6216029
184.0,2.0,70.81321235102928,55.180635176139795,72.37719619637508,0.7995060604853582,0.7996954517094531,163783435.12395963,163783385.16368133,887130108.024529,887129883.4482223,258848.41627766067,8.617459902898235e-05,30.0,73725405.40058543,0.01674102464422585,0.0,0.0,0.0001872330904006958,0.00031481900915504915,12.893049106001854,380543.8631039031,108386796.34781072
186.0,2.0,70.60668424127147,55.04880667474012,72.16351897417907,0.7995044671530495,0.7996930517614138,163269739.31695485,163269689.39036188,887130108.5980918,887129883.4479338,256847.88665997295,0.00014203045159516474,30.0,74239101.17390537,0.01702508554741618,0.0,0.0,0.00018772482872009277,0.00031039343163248925,12.85936427116394,377602.8009953675,109142001.94980145
188.0,2.0,70.4017011449428,54.918272754251106,71.95142933512764,0.7995031472349545,0.7996906960168081,162760032.27907094,162759982.43162465,887130108.3741878,887129883.4477471,254853.47936805926,9.484982474327403e-05,30.0,74748808.1326415,0.01721478519690273,0.0,0.0,0.00018662214279174805,0.0003134113336825152,12.780216485261917,374670.73957354564,109891343.42894854
190.0,2.0,70.19823139104611,54.788527901481345,71.74090867643399,0.7995015913913549,0.7996883643508929,162254232.59448457,162254181.3404013,887130117.3682622,887129883.4474679,252900.54561229577,0.00013791251212226532,30.0,75254609.22386609,0.01749061022114726,0.0,0.0,0.0001878589391708374,0.0003100482017991159,14.1868547052145,371799.65012864413,110634942.72920583
192.0,2.0,69.99627125998268,54.660146428961646,71.53194108204792,0.7995002733256563,0.7996860742391791,161752328.8191554,161752277.1463292,887130121.2591065,887129883.4472688,250952.09703563267,0.00010212380299802029,30.0,75756513.41793735,0.0176948578271433,0.0,0.0,0.00018702447414398193,0.0003152162942453504,14.605596795678139,368935.15453278425,111372813.0382714
194.0,2.0,69.7957944972466,54.53212474906722,71.32451300166814,0.7994987558873551,0.7996838145097407,161254253.83550006,161254203.9433782,887130111.2772388,887129883.4469981,249036.60147575705,0.00013467892470280754,30.0,76254586.62088887,0.017964215676548916,0.0,0.0,0.00018756091594696045,0.0003138498470811428,12.824892982840538,366119.1045426173,112105051.24735664
196.0,2.0,69.59679427497134,54.40566171630607,71.11860610213071,0.7994974494158477,0.7996816016246886,160759986.99162143,160759938.09269363,887130106.8018017,887129883.446786,247132.92534215565,0.00010662605388404682,30.0,76748852.47157319,0.01817746778431701,0.0,0.0,0.0001872926950454712,0.0003150286287383966,11.831698670983315,363320.43078445026,112831692.10892555
198.0,2.0,69.3992476229239,54.279841848003265,70.91420585377156,0.7994959566329364,0.7996792864050466,160269468.5516439,160269417.40180418,887130119.056905,887129883.4465165,245260.3454445389,0.00013351508119848848,30.0,77239373.16246226,0.018444497946713986,0.0,0.0,0.000186920166015625,0.00031252658746105597,14.082610219717026,360567.4729010016,113552827.05472755
200.0,2.0,69.2031488211472,54.154913993309485,70.71129382165401,0.7994946637797856,0.7996770335626915,159782682.39754993,159782629.3923539,887130129.9959304,887129883.4463043,243394.00472561995,0.0001072048556855526,30.0,77726161.1719135,0.018658907658085092,0.0,0.0,0.00018787384033203125,0.00031474376343177193,15.937967479228973,357823.6874946281,114268474.42971681
202.0,2.0,69.008467644659,54.031089632463015,70.50985133277162,0.7994931930270225,0.7996748097599246,159299552.22678334,159299500.93671548,887130121.2707013,887129883.446034,241564.22781876283,0.00013478242334502205,30.0,78209289.62755103,0.018928472504775137,0.0,0.0,0.00018699467182159424,0.00031394194142064444,14.222838416695595,355133.6560748229,114978741.74186645
204.0,2.0,68.81520472911934,53.908271384166746,70.30986954417989,0.7994919400142788,0.7996726241713684,158820076.09789932,158820026.88960958,887130110.0953214,887129883.445822,239737.0235532764,0.00010607711271026699,30.0,78688763.67465758,0.019140626730195672,0.0,0.0,0.0001876354217529297,0.0003141420500198909,12.141060948371887,352447.40680249874,115683636.55547145
206.0,2.0,68.62333403251904,53.78584422441283,70.1113316196086,0.7994904942448565,0.7996705033481976,158344186.29634953,158344135.66197932,887130119.7394145,887129883.4455475,237945.61381459926,0.00013880960350387225,30.0,79164654.90228678,0.019418245937203416,0.0,0.0,0.0001865774393081665,0.00031722226319218574,13.567140355706215,349813.78055837716,116383264.1165882
208.0,2.0,68.4328504577927,53.66499133743137,69.9142225128274,0.7994892679806608,0.7996682829162557,157871868.3471052,157871815.3572381,887130133.3537564,887129883.4453411,236160.15237089127,0.00010123441279583727,30.0,79636975.20702857,0.019620714762795092,0.0,0.0,0.00018715858459472656,0.00031333980857145907,15.922637820243835,347188.89915101754,117077641.91489024
210.0,2.0,68.24372962533509,53.54443268644713,69.71852522933598,0.7994878083699641,0.7996660906591605,157403060.73675305,157403008.6075347,887130128.4376793,887129883.4450543,234403.37485164558,0.00014391960269829137,30.0,80105781.95673186,0.019908553968191675,0.0,0.0,0.00018703937530517578,0.0003143614633088626,15.061988949775696,344606.1871784987,117766854.28924723
212.0,2.0,68.05596553542169,53.42535530765733,69.52422227229518,0.799486625196234,0.7996639500703452,156937745.5084479,156937695.61926314,887130116.2844282,887129883.4448735,232656.49413598844,9.314341621311975e-05,30.0,80571094.94500384,0.020094840800617915,0.0,0.0,0.00018745660781860352,0.0003198078034865673,12.821955770254135,342038.0249101046,118450930.33906744
214.0,2.0,67.86953824154281,53.3065939835783,69.331307011109,0.7994851804982147,0.799661874411288,156475870.02804473,156475818.7111884,887130125.0891995,887129883.4445748,230938.45403731233,0.0001492264867048028,30.0,81032971.85307845,0.02039329377402752,0.0,0.0,0.00018733739852905273,0.0003196415065714643,14.249627232551575,339512.2624367645,119129954.86394097
216.0,2.0,67.68444294520381,53.188967805548174,69.13976294188407,0.7994840109909738,0.7996597765679049,156017420.6730578,156017367.4385477,887130136.4580925,887129883.4443921,229225.6363202814,8.758404494806612e-05,30.0,81491423.12571901,0.02056846186392365,0.0,0.0,0.00018718838691711426,0.0003120617555862487,16.167280852794647,336994.17760470364,119803943.21915036
218.0,2.0,67.50065218514143,53.07207270012989,68.94957532979623,0.7994825721513747,0.7996576324033712,155562328.37009102,155562276.35260823,887130131.7551222,887129883.44409,227545.5429701439,0.0001514020698205882,30.0,81946514.2116593,0.02087126600356483,0.0,0.0,0.00018800795078277588,0.0003127895555057464,14.950254365801811,334524.20223058085,120472991.62361152
220.0,2.0,67.31816624446417,52.95629458338723,68.76072403078251,0.7994813954067187,0.7996555447291297,155110590.8008757,155110540.55990747,887130121.9482527,887129883.4439241,225867.89634974234,8.567194959684053e-05,30.0,82398250.00435878,0.02104260990275851,0.0,0.0,0.00018672645092010498,0.0003181941236447411,13.173738524317741,332057.8238959883,121137107.2714035
222.0,2.0,67.13696330395845,52.84090737876191,68.57320465663538,0.7994800398767902,0.7996535178891511,154662150.7788906,154662097.99468902,887130136.8600974,887129883.4436194,224221.28260968017,0.00014973362673038445,30.0,82846692.56957814,0.021342077156219278,0.0,0.0,0.0001876354217529297,0.00031296243301371166,15.716972798109055,329637.06829433504,121796381.40799217
224.0,2.0,66.95703488493994,52.726796808989995,68.3870023930887,0.7994788026459695,0.7996514837444334,154216986.65176067,154216933.6226168,887130138.9736553,887129883.4434332,222582.18603551088,9.181798302223043e-05,30.0,83291856.94164917,0.02152571312226374,0.0,0.0,0.00018644332885742188,0.0003103934887798525,15.961913883686066,327227.3639920855,122450836.13597634
226.0,2.0,66.77836469249362,52.6128533313105,68.20210174628663,0.7994775378713473,0.799649391711848,153775056.04632053,153775004.87049764,887130128.1194665,887129883.4431489,220964.37605964474,0.00014096692120293047,30.0,83733785.69376846,0.0218076469646696,0.0,0.0,0.0001865774393081665,0.0003080131756071011,14.10859303176403,324848.95400666865,123100534.04398969
228.0,2.0,66.60094177709648,52.50041192529676,68.01848352148706,0.7994762817917338,0.799647366768791,153336328.48811436,153336276.28945318,887130135.2139571,887129883.4429352,219364.29052250605,0.00010883347737503254,30.0,84172514.27481347,0.022025313919419667,0.0,0.0,0.00018712878227233887,0.0003120570834821666,15.131431877613068,322496.60145858006,123745527.24690685
230.0,2.0,66.42475839950524,52.388305407733085,67.8361455851059,0.799475080418612,0.7996454127635497,152900783.4756577,152900730.39329323,887130141.0635608,887129883.4426869,217772.94808000547,0.00012556111920438809,30.0,84608060.17097348,0.02227643615782844,0.0,0.0,0.00018718838691711426,0.0003148663717566641,16.01513522863388,320157.10249892337,124385841.4519047
232.0,2.0,66.24979174613198,52.27729288959102,67.65507385239985,0.7994737955378615,0.7996434002190164,152468362.9619894,152468310.03192323,887130141.1768897,887129883.4424078,216210.1806847744,0.00013553560780492512,30.0,85040480.53234303,0.022547507373438292,0.0,0.0,0.00018674135208129883,0.0003068686405281358,15.862836480140686,317859.61290920095,125021560.6777231
234.0,2.0,66.07604231002135,52.167140521136304,67.47524949538544,0.7994726733501769,0.7996413798114412,152039065.95047557,152039014.28577417,887130134.7287225,887129883.4422065,214647.87307487664,0.00010310095652562096,30.0,85469776.27849278,0.022753709286489534,0.0,0.0,0.00018742680549621582,0.00031172606352810814,14.59747239947319,315562.7992690921,125652686.27626127
236.0,2.0,65.90348542360834,52.05736841787491,67.29665831184366,0.7994713529555413,0.799639435010044,151612829.00763732,151612776.47730902,887130139.0681396,887129883.4419017,213118.9042322681,0.00015268434957438982,30.0,85896014.08695732,0.023059077985638315,0.0,0.0,0.00018681585788726807,0.0003122766092955413,15.46309868991375,313314.99834259297,126279316.27294646
238.0,2.0,65.73212067290397,51.94892759947814,67.11930062891979,0.7994702480798741,0.799637543368499,151189649.08695856,151189594.8601271,887130150.099869,887129883.4417346,211590.80859092437,8.577687688388022e-05,30.0,86319195.70413917,0.023230631739406076,0.0,0.0,0.00018674135208129883,0.0003166989391131074,17.159601777791977,311068.4811457274,126901453.23523793
240.0,2.0,65.56192511378292,51.84042390066971,66.94315721658757,0.7994689644574451,0.7996355263616851,150769469.23780012,150769418.0517686,887130133.8263714,887129883.4414266,210088.40417979154,0.0001524512449822954,30.0,86739372.51249875,0.02353553422937067,0.0,0.0,0.0001878291368484497,0.0003136838341680319,14.118802919983864,308859.73369894543,127519172.70263581
242.0,2.0,65.39289612597591,51.733514033221674,66.76820857781412,0.799467802325507,0.7996335884797088,150352278.66108283,150352225.70904765,887130142.6049776,887129883.4412303,208596.17136029628,9.651024166952566e-05,30.0,87156564.85521935,0.02372855471270972,0.0,0.0,0.00018747150897979736,0.0003103666176169466,15.884806230664253,306665.9399336708,128132504.58250317
244.0,2.0,65.22502134978352,51.62664043447717,66.5944552457165,0.7994666363234941,0.7996317409155409,149938045.82328182,149937990.86966556,887130157.4193375,887129883.4409615,207117.41969108518,0.00013561888474922595,30.0,87570799.69460152,0.02399979248220817,0.0,0.0,0.00018756091594696045,0.0003127874391783865,17.886387392878532,304491.96537023626,128741488.51324363
246.0,2.0,65.05828086781746,51.520996557606246,66.42188390577539,0.7994654149616747,0.7996297964306988,149526721.67225692,149526670.51249525,887130133.758527,887129883.4406996,205660.17858489935,0.00013046669360575536,30.0,87982120.05177131,0.024260725869419682,0.0,0.0,0.00018703937530517578,0.00031181801724683086,14.092532277107239,302349.6143835224,129346187.74201067
248.0,2.0,64.89267956310323,51.41592379453008,66.25047356056913,0.7994643702404632,0.7996278862539126,149118312.8825084,149118259.38231096,887130148.7800595,887129883.4404874,204205.5650924391,0.00010575470442393355,30.0,88390531.18195619,0.02447223527826755,0.0,0.0,0.00018762052059173584,0.0003111348906943076,16.432968631386757,300211.1263614435,129946609.99473356
250.0,2.0,64.72819076272613,51.311640962966784,66.08021954854499,0.799463090354934,0.7996260629795874,148712753.8634289,148712698.11140272,887130162.6300219,887129883.4401767,202780.63545377392,0.00015517953260123192,30.0,88796092.45286374,0.024782594343470014,0.0,0.0,0.00018693506717681885,0.00031083454732743626,18.684796676039696,298116.27781206224,130542842.55035768
252.0,2.0,64.56481203379163,51.208245880231964,65.91111721481593,0.7994620409146969,0.7996241694184204,148310038.29288185,148309987.8126572,887130132.0913674,887129883.4400053,201355.14937308402,8.663811065314513e-05,30.0,89198802.7516099,0.024955870564776304,0.0,0.0,0.00018759071826934814,0.0003126878102597021,13.412995800375938,296020.6112140302,131134883.77278574
254.0,2.0,64.40253140991375,51.10514306750163,65.74314296916774,0.7994608323388481,0.7996222937956265,147910130.66691065,147910075.25436306,887130162.9778323,887129883.4397075,199956.2791470373,0.00014888033677417804,30.0,89598715.30990398,0.02525363123832466,0.0,0.0,0.0001875162124633789,0.00031266367851020757,18.3453186750412,293964.07369506074,131722811.92017587
256.0,2.0,64.24133642668943,51.00291759610044,65.57628948313928,0.7994596929042003,0.7996205088374284,147513002.5395691,147512948.0179936,887130157.121905,887129883.4394817,198563.61818452063,0.00011217368942941079,30.0,89995842.54627302,0.025477978617183483,0.0,0.0,0.00018709897994995117,0.0003112286629598504,17.454346179962158,291916.6646736294,132306645.24952312
258.0,2.0,64.08121919504244,50.901502550928164,65.41055697713065,0.7994586410185535,0.7996186527296957,147118631.56892568,147118580.3969214,887130138.5091095,887129883.43925,197183.8105359876,0.00011857908909840303,30.0,90390210.167345,0.02571513679538029,0.0,0.0,0.00018687546253204346,0.0003166439822699374,14.104774728417397,289888.1518456821,132886421.55321449
260.0,2.0,63.92216963953521,50.80059653332172,65.24591951715001,0.7994574335661091,0.7996168152910533,146726988.76407227,146726931.84803954,887130172.8891646,887129883.4389418,195824.27444115467,0.00015272671210638861,30.0,90781858.71622731,0.026020590219593066,0.0,0.0,0.0001873224973678589,0.00031394139299394455,19.848803624510765,287889.4410751207,133462200.43536474
262.0,2.0,63.76417411899889,50.70074518310562,65.08237166352482,0.7994564383044566,0.7996150712404101,146338043.3863075,146337991.41811353,887130142.8778245,887129883.4387653,194470.2149629816,8.667836479690258e-05,30.0,91170799.14615327,0.02619394694918687,0.0,0.0,0.00018727779388427734,0.00031074916476304254,14.900964826345444,285898.7817073473,134033997.99877943
264.0,2.0,63.607226212234764,50.60107948094121,64.91991414945257,0.7994552370746936,0.7996132440553806,145951773.65159672,145951719.4763595,887130158.3603544,887129883.4384605,193135.9708767774,0.00015159618608211924,30.0,91557071.08790682,0.02649713932135111,0.0,0.0,0.00018678605556488037,0.00030912338354593255,17.108007594943047,283937.253774555,134601872.50632852
266.0,2.0,63.45131367524759,50.50225443137509,64.75851750364625,0.7994541667509316,0.7996114452693905,145568149.77683464,145568094.19007412,887130166.8161293,887129883.4382448,191812.64314317063,0.00011192449016305905,30.0,91940696.37419316,0.026720988301677226,0.0,0.0,0.00018775463104248047,0.0003173227590746869,18.519531846046448,281991.7744274491,135165856.0551834
268.0,2.0,63.29643003174012,50.404263634452214,64.59818589513864,0.7994531342441257,0.799609759299755,145187154.68300748,145187101.67866465,887130154.7021446,887129883.4380038,190496.25570451393,0.00011778094722513703,30.0,92321688.88560219,0.0269565501961275,0.0,0.0,0.0001873224973678589,0.00031184347005328017,15.937113717198372,280056.4982976909,135725969.05177882
270.0,2.0,63.14256131733664,50.306642716569115,64.43890999526432,0.7994519498495856,0.7996079315358923,144808750.68489957,144808695.28695932,887130168.1654572,887129883.437692,189203.19585282047,0.0001555129212283583,30.0,92700095.27730784,0.027267576038584214,0.0,0.0,0.0001876354217529297,0.0003111370203347022,18.33071145415306,278155.5170274012,136282280.0858336
272.0,2.0,62.989702730797916,50.21018222066139,64.28066347282011,0.7994509993577451,0.7996061847035983,144432925.959709,144432871.38940093,887130162.3172982,887129883.4375222,187911.94877954473,8.750820583183911e-05,30.0,93075919.17486693,0.027442592450247893,0.0,0.0,0.00018833577632904053,0.0003162801943885178,17.50307996571064,276257.20079834276,136834794.4874303
274.0,2.0,62.83783930253702,50.11372868470901,64.1234593847796,0.7994498607455656,0.799604520902494,144059641.46131492,144059587.68407664,887130158.5425594,887129883.4372287,186641.85266136704,0.00014667864187901434,30.0,93449202.88018966,0.02773594973400592,0.0,0.0,0.00018677115440368652,0.0003161442072725229,16.71000862121582,274389.9794713783,137383574.44637305
276.0,2.0,62.686966288491824,50.01820919482646,63.96727574769376,0.7994487805641739,0.7996027179624062,143688883.265867,143688827.61966383,887130170.251385,887129883.4369675,185380.03220629273,0.00012874359445167263,30.0,93819962.94460224,0.027993436922909266,0.0,0.0,0.0001865476369857788,0.00031244384277010623,18.578973278403282,272534.92454223236,137928644.2954575
278.0,2.0,62.537075749234546,49.92355949412626,63.81209448992577,0.7994478402129711,0.7996010526642752,143320631.62386116,143320577.05364424,887130163.7330146,887129883.4367685,184125.28301006113,0.00010186182102796326,30.0,94188213.51062235,0.02819716056496519,0.0,0.0,0.00018706917762756348,0.0003172071805657775,17.502987563610077,270690.2653659201,138470024.82618934
280.0,2.0,62.38815292387344,49.82908019784519,63.65793109329444,0.7994466698758649,0.7995993471615478,142954847.7243864,142954792.77100852,887130168.9396361,887129883.436448,182892.1413180124,0.00015862590482560959,30.0,94553997.79325838,0.02851441237461641,0.0,0.0,0.00018738210201263428,0.00031390521061494536,17.88614882528782,268877.37228357134,139007779.5707565
282.0,2.0,62.2401928413927,49.73564827793845,63.504750431649626,0.7994457008236797,0.799597615373645,142591518.14141244,142591462.44572034,887130173.7193476,887129883.4362514,181665.1626439101,9.824503399272098e-05,30.0,94917328.1185462,0.02871090244260185,0.0,0.0,0.00018702447414398193,0.00031381916013114783,18.628462687134743,267073.5397111976,139541926.65017888
284.0,2.0,62.09318827825724,49.64245498544708,63.352557796849965,0.7994446839323227,0.7995960502731596,142230624.19276252,142230569.8625299,887130164.7787424,887129883.4359941,180446.29159547674,0.00012848459458548507,30.0,95278220.70173715,0.02896787163177282,0.0,0.0,0.00018753111362457275,0.0003135347024515317,17.26300372183323,265281.62649779476,140072489.90317446
286.0,2.0,61.94712483298525,49.55006607392234,63.20134773706368,0.7994435830971696,0.7995942804367719,141872127.68341362,141872071.53192988,887130179.1642492,887129883.4356916,179249.16529981987,0.00015427257758736704,30.0,95636719.03233679,0.029276416786947555,0.0,0.0,0.00018714368343353271,0.0003195266807463834,19.08425445854664,263521.68115324277,140599533.26548094
288.0,2.0,61.80200058385548,49.45847557961552,63.05109008456759,0.7994426760482328,0.7995926497316139,141516024.14575598,141515969.31561962,887130168.5369585,887129883.435511,178051.108155401,8.717208715736383e-05,30.0,95992821.24864759,0.029450760961262284,0.0,0.0,0.00018768012523651123,0.000313268781391679,17.76290760934353,261760.36732906487,141123054.0001391
290.0,2.0,61.65780165552006,49.367119207775445,62.9018067120139,0.7994415752847669,0.7995910193295357,141162276.5333004,141162220.76589668,887130177.1374044,887129883.4352236,176874.274861123,0.00014614204545969657,30.0,96346569.79836982,0.02974304505218168,0.0,0.0,0.0001869797706604004,0.00031813927520413926,18.700174272060394,260030.25557302675,141643114.51128513
292.0,2.0,61.51452108525071,49.27628382888298,62.75346207796681,0.7994405530485073,0.7995893433102037,140810867.45433897,140810812.2707543,887130173.5341982,887129883.4348154,175704.24758367686,0.00013764032217145687,30.0,96697978.29353718,0.030018325696524593,0.0,0.0,0.0002119690179824829,0.00018524731212517936,18.11638019979,258310.14962646883,142159734.81053805
294.0,2.0,61.3721547500526,49.186689062643104,62.60606080498726,0.7994397267895179,0.7995878090711751,140461784.39373928,140461728.17401856,887130182.0284636,887129883.434633,174542.04836742405,9.141693640736638e-05,30.0,97047062.39027204,0.030201159569339327,0.0,0.0,0.00021107494831085205,0.00018569097192721803,19.15251536667347,256601.55203947506,142672937.91461703
296.0,2.0,61.23068748267509,49.096839869094374,62.45959923438458,0.7994385777633976,0.7995861015573656,140114989.96041802,140114934.80848,887130174.9456726,887129883.4343177,173396.6827694965,0.0001558783425412191,30.0,97393855.75581104,0.030512916254421766,0.0,0.0,0.00021150708198547363,0.00018213908614784016,18.084733098745346,254917.7022575466,143182773.31913212
298.0,2.0,61.09011486053225,49.00818361060997,62.31404695097676,0.7994376139937382,0.7995845507645766,139770470.53308275,139770413.61189917,887130186.8089081,887129883.4340852,172260.59829047025,0.0001170428406273826,30.0,97738376.95239198,0.030747001935676532,0.0,0.0,0.00021162629127502441,0.00018376665277858306,19.853978782892227,253247.49703598063,143689268.31320408
300.0,2.0,60.95043142292771,48.91982305049466,62.16942846301949,0.7994367409490967,0.7995829254627119,139428213.08195865,139428158.4143018,887130170.0738521,887129883.4338744,171127.59879876373,0.0001067919808287093,30.0,98080632.14998952,0.030960585897333952,0.0,0.0,0.00021180510520935059,0.00018646938122067122,17.600452214479446,251581.8271830646,144192431.96757025
302.0,2.0,60.81162466408142,48.83220249497976,62.02570150547876,0.7994356375406186,0.7995813246382926,139088183.19875914,139088125.49633908,887130193.2000003,887129883.4335566,170016.45898144747,0.0001600162506965356,30.0,98420665.06795241,0.03128061839872703,0.0,0.0,0.0002119690179824829,0.00018868991667136265,20.63521559536457,249948.29415006153,144692328.55587035
304.0,2.0,60.67368619998351,48.745043817104325,61.88288666920323,0.7994347211852505,0.7995798002446105,138750362.0627976,138750308.0371991,887130172.2781913,887129883.4333442,168908.72956991568,0.00010490717753285498,30.0,98758482.52709225,0.031490432753792735,0.0,0.0,0.00021183490753173828,0.00018619252704712985,16.958393901586533,248319.77489697887,145188968.1056643
306.0,2.0,60.53661831397885,48.65854144359723,61.740958389837196,0.7994338169710823,0.7995781780344902,138414750.48668468,138414692.6971417,887130197.3649812,887129883.4331113,167807.67002862645,0.00011701420656679098,30.0,99094097.8671495,0.031724461166926315,0.0,0.0,0.0002116858959197998,0.00018728598839848343,20.7223382294178,246701.06129859175,145682370.2282615
308.0,2.0,60.400397546254354,48.57241575358903,61.59991023967005,0.7994327575763376,0.7995767349899253,138081293.37373087,138081238.52039865,887130177.3912426,887129883.4327923,166727.08837164825,0.00016066816881514124,30.0,99427552.0438928,0.0320457975045566,0.0,0.0,0.00021192431449890137,0.0001896182671908761,17.78612771630287,245112.45309283552,146172595.1344472
310.0,2.0,60.2650307498464,48.4870006304322,61.459749995956884,0.7994318751359155,0.7995750815999754,137750002.92296648,137749945.45504585,887130193.628158,887129883.4325924,165646.53267624046,9.85096551837855e-05,30.0,99758845.10924529,0.03224281681492417,0.0,0.0,0.00021161139011383057,0.00018672359898178753,20.400715813040733,243523.88305426776,146659642.90055573
312.0,2.0,60.13050332055454,48.402075749618774,61.32044131595662,0.7994309650568877,0.7995736069869658,137420844.46991417,137420788.14995036,887130185.4605306,887129883.4323504,164578.65254780202,0.0001226812663519232,30.0,100088002.41434088,0.032488179347628016,0.0,0.0,0.0002117156982421875,0.00019009127389754688,19.252759099006653,241953.94789587782,147143550.79634747
314.0,2.0,59.996807435433574,48.31741945957772,61.18201308651558,0.7994299334538678,0.7995720279093818,137093796.30961668,137093739.50420234,887130190.3788564,887129883.4352099,163524.3228282515,0.00016053893183114054,30.0,100415051.05999738,0.0328092572112903,0.0,0.0,0.0001201927661895752,0.0033706423660144202,19.73811811208725,240403.93375929282,147624358.66386604
316.0,2.0,59.863938080977434,48.23389657691188,61.04441841174105,0.7994290787781564,0.7995705278985995,136768845.26084688,136768787.976379,887130195.353636,887129883.4350141,162475.7639118649,9.664856918888254e-05,30.0,100740002.58782111,0.03300255434966806,0.0,0.0,0.00012059509754180908,0.0033681978509498,20.217172041535378,238862.40352135705,148102083.47090876
318.0,2.0,59.73188929127371,48.1503132109699,60.907688656369594,0.7994281734706996,0.799569017891051,136445976.04834288,136445920.01760674,887130187.8521985,887129883.4347724,161433.9793861958,0.0001243899645848344,30.0,101062870.5465935,0.03325133427883773,0.0,0.0,0.00012071430683135986,0.003375221340910485,18.96344043314457,237330.83259803054,148576745.13610482
320.0,2.0,59.60064993280133,48.067573547635206,60.77178122418748,0.7994271609091405,0.7995674979760732,136125158.94492576,136125100.6160933,887130203.4395928,887129883.4344453,160409.7007568925,0.00016067625018747144,30.0,101383689.94810729,0.03357268677921267,0.0,0.0,0.00012107193470001221,0.003369463550758081,21.261537089943886,235824.99782378282,149048395.1317524
322.0,2.0,59.47021404419769,47.9854118709252,60.636717945638985,0.7994263210612509,0.7995660511004787,135806380.20812023,135806324.6646954,887130186.3226308,887129883.4342554,159387.97569828943,9.727632155294135e-05,30.0,101702465.89950387,0.03376723942231855,0.0,0.0,0.00011976063251495361,0.0033741157956095683,18.47612814605236,234322.9171604273,149517040.96607324
324.0,2.0,59.34058234667961,47.90357905231182,60.50247057302728,0.7994254355800056,0.7995645161358407,135489637.58459684,135489578.82253423,887130209.7380586,887129883.4340072,158372.92108116025,0.00012196256383741906,30.0,102019211.7416662,0.03401116454999339,0.0,0.0,0.00012090802192687988,0.0033698471824396767,21.694767087697983,232830.64299155836,149982702.25205636
326.0,2.0,59.211733121161444,47.822210879781004,60.36904366372533,0.7994244321365378,0.7995631257508529,135174880.33576232,135174824.75546545,887130186.7773268,887129883.4346805,157377.0335246973,0.00016120969448260323,30.0,102333965.8087156,0.03433358393895859,0.0,0.0,0.00010152161121368408,0.004365560638787694,18.512981966137886,231366.5471187561,150445435.3462939
328.0,2.0,59.083673613309756,47.74139768075609,60.236429411734655,0.7994235909724317,0.7995615799892561,134862121.22759724,134862061.94947398,887130210.7802682,887129883.4344826,156381.40299558404,0.00010052146535962548,30.0,102646728.61470677,0.03453462686967784,0.0,0.0,0.00010122358798980713,0.004368716148852647,22.21080805361271,229902.82911259096,150905241.00451908
330.0,2.0,58.956390246125316,47.66131807167601,60.10461077528154,0.7994227626947877,0.799560238738761,134551329.64680925,134551274.22603643,887130186.8429831,887129883.4342475,155393.86171852655,0.00011577014060975455,30.0,102957516.33814383,0.03476616715089735,0.0,0.0,0.00010073184967041016,0.004365175711078015,18.353457123041153,228451.00345358092,151362143.01142624
332.0,2.0,58.829877523290286,47.581367143527686,59.97360038205994,0.7994217750332848,0.7995586858064595,134242487.29517427,134242427.44229874,887130215.4096904,887129883.4339286,154423.39186922397,0.00016109145143996585,30.0,103266363.12188227,0.035088350053777285,0.0,0.0,0.00010149180889129639,0.00436847376440961,22.785560593008995,227024.27521320677,151816191.56185266
334.0,2.0,58.704125898346106,47.50215115692332,59.843365025302674,0.7994209435083834,0.7995573623401706,133935573.83874473,133935518.70947114,887130186.4260101,887129883.4337047,153454.36641383098,0.00011108934204569345,30.0,103573271.85470994,0.03531052873786867,0.0,0.0,0.00010155141353607178,0.004366777402724627,18.061958715319633,225599.67043661926,152267390.9027259
336.0,2.0,58.57913966370089,47.423525348015374,59.71392984790553,0.7994201742792703,0.7995558285868872,133630593.9562804,133630533.56677195,887130222.1808054,887129883.4334923,152492.57134918385,0.00010525848530215578,30.0,103878256.9974083,0.03552104570847298,0.0,0.0,0.00010073184967041016,0.004364863419349448,23.3221927434206,224185.69535931965,152715762.29344454
338.0,2.0,58.45489650577276,47.34493309298862,59.58525211370271,0.7994191676913576,0.799554507167993,133327497.40973446,133327442.36434801,887130186.8620964,887129883.4331845,151545.6012119334,0.00015848512306668205,30.0,104181348.19983217,0.035838015954606346,0.0,0.0,0.00010065734386444092,0.004374035279862694,17.97807067632675,222793.51502669297,153161349.32349792
340.0,2.0,58.33140288920766,47.26724896614723,59.457364563521445,0.799418312336742,0.7995530020554821,133026293.38462321,133026232.6291298,887130223.779549,887129883.4329258,150604.86760911703,0.00012762934547869525,30.0,104482557.9350504,0.036093274645563736,0.0,0.0,0.00010067224502563477,0.004370609812494888,23.688177660107613,221410.503283699,153604170.3300653
342.0,2.0,58.20864639989405,47.19007407178541,59.33021876198824,0.7994176129044891,0.7995516848871983,132726955.8343021,132726900.51211166,887130189.2563281,887129883.4327459,149666.05850954808,9.056237173299273e-05,30.0,104781890.0520695,0.036274399389029724,0.0,0.0,0.00010164082050323486,0.004371847738028747,18.254875645041466,220030.32083327274,154044230.97173187
344.0,2.0,58.08662529905052,47.11306636097162,59.203852499151026,0.7994166085638963,0.7995501986779784,132429474.35564193,132429413.52196714,887130225.7457378,887129883.4324423,148743.49507228652,0.00015113251782674787,30.0,105079377.04221407,0.03657666442468322,0.0,0.0,0.0001016855239868164,0.0043704867131964045,23.76636004447937,218674.02180922407,154481579.0153503
346.0,2.0,57.96532430988999,47.03665135570926,59.07821414602816,0.7994157519391867,0.7995488919848879,132133815.49313463,132133759.191225,887130199.0699043,887129883.432156,147827.16537078377,0.0001472811894985079,30.0,105375031.37295564,0.036871226803680233,0.0,0.0,0.0001011192798614502,0.0043787083786924405,19.23459431529045,217326.88726035878,154916232.78987104
348.0,2.0,57.84475196486306,46.96080746786443,58.95334381863747,0.7994150350962461,0.7995474396146227,131839994.8534311,131839935.08039811,887130220.8821776,887129883.4319112,146912.05541511963,8.62274489675209e-05,30.0,105668855.48378587,0.037043681701615275,0.0,0.0,0.00010445713996887207,0.004306426605179728,22.705721020698547,215981.54591077246,155348195.88169256
350.0,2.0,57.72488899314946,46.885300808871555,58.829187792578374,0.7994141133703656,0.7995461629608581,131547967.64292583,131547910.13313256,887130207.7134339,887129883.4316441,146012.47363293887,0.00013715782698553515,30.0,105960880.43105175,0.037317997355586344,0.0,0.0,0.00010478496551513672,0.004313594241267496,20.442481622099876,214659.03317729005,155777513.94804713
352.0,2.0,57.605734554912104,46.81019311898127,58.70578771503109,0.7994132184036817,0.7995447126180232,131257728.68797007,131257669.64662714,887130216.3774111,887129883.4317614,145120.24325534154,0.00015968152591281444,30.0,106251120.91756243,0.037637360407411974,0.0,0.0,0.00011004507541656494,0.004750259234011095,21.974036544561386,213347.3280505902,156204208.60414833
354.0,2.0,57.487284395175685,46.73578439396576,58.58309034197157,0.7994124842982653,0.7995434479757573,130969267.6879921,130969209.00862049,887130216.3187516,887129883.4315711,144230.31900319818,9.628375224448693e-05,30.0,106539581.55556881,0.03782992791190095,0.0,0.0,0.00010977685451507568,0.004752568712377024,21.612064957618713,212039.01325519575,156628286.6306587
356.0,2.0,57.369532642862815,46.661675244860504,58.46113595216217,0.7994117041904208,0.7995420044592835,130682568.99026735,130682510.04103476,887130217.323565,887129883.4313414,143349.4837929678,0.00011599022129171167,30.0,106826280.52315475,0.03806190835448437,0.0,0.0,0.00010998547077178955,0.00475483285399609,21.881926149129868,210744.06063976444,157049774.75193822
358.0,2.0,57.252468828850326,46.58775046715959,58.33987394899086,0.7994107619226769,0.7995407882417349,130397606.238971,130397547.11405334,887130220.6641484,887129883.4399636,142481.46333491142,0.00016058275081072234,30.0,107111243.44982457,0.038383073856105815,0.0,0.0,-0.0002016127109527588,0.01369816785024644,22.057299613952637,209467.94752649096,157468710.6469912
360.0,2.0,57.13609025627336,46.51466741465405,58.21934127264357,0.7994099784309141,0.7995393449636868,130114372.0253825,130114313.14714931,887130218.4827521,887129883.4397237,141616.98345211998,0.00012376895760313002,30.0,107394477.41672881,0.03863061177131207,0.0,0.0,-0.00020140409469604492,0.013705856674876525,21.810615360736847,208197.03956072548,157885104.72611266
362.0,2.0,57.02039546625756,46.44215052028661,58.09949162661909,0.799409349303241,0.7995381329001632,129832861.38808554,129832802.00557467,887130223.8072855,887129883.4395367,140755.57078726604,8.965658028685134e-05,30.0,107675988.55830334,0.03880992493188577,0.0,0.0,-0.00020150840282440186,0.01369813046014505,22.314892932772636,206930.64084009928,158298966.00779286
364.0,2.0,56.90537297190634,46.369484455349486,57.980356317005906,0.7994083829021504,0.7995367073721487,129553045.98497404,129552986.45057824,887130223.8812536,887129883.439242,139907.77749791625,0.00014784804282513586,30.0,107955804.11329918,0.03910562101753604,0.0,0.0,-0.00020210444927215576,0.013699141182025788,22.46677726507187,205684.26453197974,158710334.53685683
365.0,1.0,56.84802538570998,46.33348610669295,57.92095793542011,0.7994079385230328,0.799536064453915,129413558.60694638,129413499.69646682,887130221.0701859,887129883.4390706,139486.75411381776,0.0001613549150528533,30.0,108095290.867413,0.0392669759325889,0.0,0.0,-0.0001997053623199463,0.01368907313870462,21.84286342561245,205065.30047824548,158915399.83733508
